champion_chinese,champion_url
黑暗之女 安妮,https://lol.qq.com/data/info-defail.shtml?id=1
狂战士 奥拉夫,https://lol.qq.com/data/info-defail.shtml?id=2
正义巨像 加里奥,https://lol.qq.com/data/info-defail.shtml?id=3
卡牌大师 崔斯特,https://lol.qq.com/data/info-defail.shtml?id=4
德邦总管 赵信,https://lol.qq.com/data/info-defail.shtml?id=5
无畏战车 厄加特,https://lol.qq.com/data/info-defail.shtml?id=6
诡术妖姬 乐芙兰,https://lol.qq.com/data/info-defail.shtml?id=7
猩红收割者 弗拉基米尔,https://lol.qq.com/data/info-defail.shtml?id=8
远古恐惧 费德提克,https://lol.qq.com/data/info-defail.shtml?id=9
正义天使 凯尔,https://lol.qq.com/data/info-defail.shtml?id=10
无极剑圣 易,https://lol.qq.com/data/info-defail.shtml?id=11
牛头酋长 阿利斯塔,https://lol.qq.com/data/info-defail.shtml?id=12
符文法师 瑞兹,https://lol.qq.com/data/info-defail.shtml?id=13
亡灵战神 赛恩,https://lol.qq.com/data/info-defail.shtml?id=14
战争女神 希维尔,https://lol.qq.com/data/info-defail.shtml?id=15
众星之子 索拉卡,https://lol.qq.com/data/info-defail.shtml?id=16
迅捷斥候 提莫,https://lol.qq.com/data/info-defail.shtml?id=17
麦林炮手 崔丝塔娜,https://lol.qq.com/data/info-defail.shtml?id=18
祖安怒兽 沃里克,https://lol.qq.com/data/info-defail.shtml?id=19
雪原双子 努努和威朗普,https://lol.qq.com/data/info-defail.shtml?id=20
赏金猎人 厄运小姐,https://lol.qq.com/data/info-defail.shtml?id=21
寒冰射手 艾希,https://lol.qq.com/data/info-defail.shtml?id=22
蛮族之王 泰达米尔,https://lol.qq.com/data/info-defail.shtml?id=23
武器大师 贾克斯,https://lol.qq.com/data/info-defail.shtml?id=24
堕落天使 莫甘娜,https://lol.qq.com/data/info-defail.shtml?id=25
时光守护者 基兰,https://lol.qq.com/data/info-defail.shtml?id=26
炼金术士 辛吉德,https://lol.qq.com/data/info-defail.shtml?id=27
痛苦之拥 伊芙琳,https://lol.qq.com/data/info-defail.shtml?id=28
瘟疫之源 图奇,https://lol.qq.com/data/info-defail.shtml?id=29
死亡颂唱者 卡尔萨斯,https://lol.qq.com/data/info-defail.shtml?id=30
虚空恐惧 科加斯,https://lol.qq.com/data/info-defail.shtml?id=31
殇之木乃伊 阿木木,https://lol.qq.com/data/info-defail.shtml?id=32
披甲龙龟 拉莫斯,https://lol.qq.com/data/info-defail.shtml?id=33
冰晶凤凰 艾尼维亚,https://lol.qq.com/data/info-defail.shtml?id=34
恶魔小丑 萨科,https://lol.qq.com/data/info-defail.shtml?id=35
祖安狂人 蒙多医生,https://lol.qq.com/data/info-defail.shtml?id=36
琴瑟仙女 娑娜,https://lol.qq.com/data/info-defail.shtml?id=37
虚空行者 卡萨丁,https://lol.qq.com/data/info-defail.shtml?id=38
刀锋舞者 艾瑞莉娅,https://lol.qq.com/data/info-defail.shtml?id=39
风暴之怒 迦娜,https://lol.qq.com/data/info-defail.shtml?id=40
海洋之灾 普朗克,https://lol.qq.com/data/info-defail.shtml?id=41
英勇投弹手 库奇,https://lol.qq.com/data/info-defail.shtml?id=42
天启者 卡尔玛,https://lol.qq.com/data/info-defail.shtml?id=43
瓦洛兰之盾 塔里克,https://lol.qq.com/data/info-defail.shtml?id=44
邪恶小法师 维迦,https://lol.qq.com/data/info-defail.shtml?id=45
巨魔之王 特朗德尔,https://lol.qq.com/data/info-defail.shtml?id=48
诺克萨斯统领 斯维因,https://lol.qq.com/data/info-defail.shtml?id=50
皮城女警 凯特琳,https://lol.qq.com/data/info-defail.shtml?id=51
蒸汽机器人 布里茨,https://lol.qq.com/data/info-defail.shtml?id=53
熔岩巨兽 墨菲特,https://lol.qq.com/data/info-defail.shtml?id=54
不祥之刃 卡特琳娜,https://lol.qq.com/data/info-defail.shtml?id=55
永恒梦魇 魔腾,https://lol.qq.com/data/info-defail.shtml?id=56
扭曲树精 茂凯,https://lol.qq.com/data/info-defail.shtml?id=57
荒漠屠夫 雷克顿,https://lol.qq.com/data/info-defail.shtml?id=58
德玛西亚皇子 嘉文四世,https://lol.qq.com/data/info-defail.shtml?id=59
蜘蛛女皇 伊莉丝,https://lol.qq.com/data/info-defail.shtml?id=60
发条魔灵 奥莉安娜,https://lol.qq.com/data/info-defail.shtml?id=61
齐天大圣 孙悟空,https://lol.qq.com/data/info-defail.shtml?id=62
复仇焰魂 布兰德,https://lol.qq.com/data/info-defail.shtml?id=63
盲僧 李青,https://lol.qq.com/data/info-defail.shtml?id=64
暗夜猎手 薇恩,https://lol.qq.com/data/info-defail.shtml?id=67
机械公敌 兰博,https://lol.qq.com/data/info-defail.shtml?id=68
魔蛇之拥 卡西奥佩娅,https://lol.qq.com/data/info-defail.shtml?id=69
水晶先锋 斯卡纳,https://lol.qq.com/data/info-defail.shtml?id=72
大发明家 黑默丁格,https://lol.qq.com/data/info-defail.shtml?id=74
沙漠死神 内瑟斯,https://lol.qq.com/data/info-defail.shtml?id=75
狂野女猎手 奈德丽,https://lol.qq.com/data/info-defail.shtml?id=76
兽灵行者 乌迪尔,https://lol.qq.com/data/info-defail.shtml?id=77
圣锤之毅 波比,https://lol.qq.com/data/info-defail.shtml?id=78
酒桶 古拉加斯,https://lol.qq.com/data/info-defail.shtml?id=79
不屈之枪 潘森,https://lol.qq.com/data/info-defail.shtml?id=80
探险家 伊泽瑞尔,https://lol.qq.com/data/info-defail.shtml?id=81
铁铠冥魂 莫德凯撒,https://lol.qq.com/data/info-defail.shtml?id=82
牧魂人 约里克,https://lol.qq.com/data/info-defail.shtml?id=83
离群之刺 阿卡丽,https://lol.qq.com/data/info-defail.shtml?id=84
狂暴之心 凯南,https://lol.qq.com/data/info-defail.shtml?id=85
德玛西亚之力 盖伦,https://lol.qq.com/data/info-defail.shtml?id=86
曙光女神 蕾欧娜,https://lol.qq.com/data/info-defail.shtml?id=89
虚空先知 玛尔扎哈,https://lol.qq.com/data/info-defail.shtml?id=90
刀锋之影 泰隆,https://lol.qq.com/data/info-defail.shtml?id=91
放逐之刃 锐雯,https://lol.qq.com/data/info-defail.shtml?id=92
深渊巨口 克格莫,https://lol.qq.com/data/info-defail.shtml?id=96
暮光之眼 慎,https://lol.qq.com/data/info-defail.shtml?id=98
光辉女郎 拉克丝,https://lol.qq.com/data/info-defail.shtml?id=99
远古巫灵 泽拉斯,https://lol.qq.com/data/info-defail.shtml?id=101
龙血武姬 希瓦娜,https://lol.qq.com/data/info-defail.shtml?id=102
九尾妖狐 阿狸,https://lol.qq.com/data/info-defail.shtml?id=103
法外狂徒 格雷福斯,https://lol.qq.com/data/info-defail.shtml?id=104
潮汐海灵 菲兹,https://lol.qq.com/data/info-defail.shtml?id=105
不灭狂雷 沃利贝尔,https://lol.qq.com/data/info-defail.shtml?id=106
傲之追猎者 雷恩加尔,https://lol.qq.com/data/info-defail.shtml?id=107
惩戒之箭 韦鲁斯,https://lol.qq.com/data/info-defail.shtml?id=110
深海泰坦 诺提勒斯,https://lol.qq.com/data/info-defail.shtml?id=111
机械先驱 维克托,https://lol.qq.com/data/info-defail.shtml?id=112
北地之怒 瑟庄妮,https://lol.qq.com/data/info-defail.shtml?id=113
无双剑姬 菲奥娜,https://lol.qq.com/data/info-defail.shtml?id=114
爆破鬼才 吉格斯,https://lol.qq.com/data/info-defail.shtml?id=115
仙灵女巫 璐璐,https://lol.qq.com/data/info-defail.shtml?id=117
荣耀行刑官 德莱文,https://lol.qq.com/data/info-defail.shtml?id=119
战争之影 赫卡里姆,https://lol.qq.com/data/info-defail.shtml?id=120
虚空掠夺者 卡兹克,https://lol.qq.com/data/info-defail.shtml?id=121
诺克萨斯之手 德莱厄斯,https://lol.qq.com/data/info-defail.shtml?id=122
未来守护者 杰斯,https://lol.qq.com/data/info-defail.shtml?id=126
冰霜女巫 丽桑卓,https://lol.qq.com/data/info-defail.shtml?id=127
皎月女神 黛安娜,https://lol.qq.com/data/info-defail.shtml?id=131
德玛西亚之翼 奎因,https://lol.qq.com/data/info-defail.shtml?id=133
暗黑元首 辛德拉,https://lol.qq.com/data/info-defail.shtml?id=134
铸星龙王 奥瑞利安索尔,https://lol.qq.com/data/info-defail.shtml?id=136
影流之镰 凯隐,https://lol.qq.com/data/info-defail.shtml?id=141
暮光星灵 佐伊,https://lol.qq.com/data/info-defail.shtml?id=142
荆棘之兴 婕拉,https://lol.qq.com/data/info-defail.shtml?id=143
虚空之女 卡莎,https://lol.qq.com/data/info-defail.shtml?id=145
星籁歌姬 萨勒芬妮,https://lol.qq.com/data/info-defail.shtml?id=147
迷失之牙 纳尔,https://lol.qq.com/data/info-defail.shtml?id=150
生化魔人 扎克,https://lol.qq.com/data/info-defail.shtml?id=154
疾风剑豪 亚索,https://lol.qq.com/data/info-defail.shtml?id=157
虚空之眼 维克兹,https://lol.qq.com/data/info-defail.shtml?id=161
岩雀 塔莉垭,https://lol.qq.com/data/info-defail.shtml?id=163
青钢影 卡蜜尔,https://lol.qq.com/data/info-defail.shtml?id=164
弗雷尔卓德之心 布隆,https://lol.qq.com/data/info-defail.shtml?id=201
戏命师 烬,https://lol.qq.com/data/info-defail.shtml?id=202
永猎双子 千珏,https://lol.qq.com/data/info-defail.shtml?id=203
暴走萝莉 金克丝,https://lol.qq.com/data/info-defail.shtml?id=222
河流之王 塔姆,https://lol.qq.com/data/info-defail.shtml?id=223
破败之王 佛耶戈,https://lol.qq.com/data/info-defail.shtml?id=234
涤魂圣枪 赛娜,https://lol.qq.com/data/info-defail.shtml?id=235
圣枪游侠 卢锡安,https://lol.qq.com/data/info-defail.shtml?id=236
影流之主 劫,https://lol.qq.com/data/info-defail.shtml?id=238
暴怒骑士 克烈,https://lol.qq.com/data/info-defail.shtml?id=240
时间刺客 艾克,https://lol.qq.com/data/info-defail.shtml?id=245
元素女皇 奇亚娜,https://lol.qq.com/data/info-defail.shtml?id=246
皮城执法官 蔚,https://lol.qq.com/data/info-defail.shtml?id=254
暗裔剑魔 亚托克斯,https://lol.qq.com/data/info-defail.shtml?id=266
唤潮鲛姬 娜美,https://lol.qq.com/data/info-defail.shtml?id=267
沙漠皇帝 阿兹尔,https://lol.qq.com/data/info-defail.shtml?id=268
魔法猫咪 悠米,https://lol.qq.com/data/info-defail.shtml?id=350
沙漠玫瑰 莎弥拉,https://lol.qq.com/data/info-defail.shtml?id=360
魂锁典狱长 锤石,https://lol.qq.com/data/info-defail.shtml?id=412
海兽祭司 俄洛伊,https://lol.qq.com/data/info-defail.shtml?id=420
虚空遁地兽 雷克塞,https://lol.qq.com/data/info-defail.shtml?id=421
翠神 艾翁,https://lol.qq.com/data/info-defail.shtml?id=427
复仇之矛 卡莉丝塔,https://lol.qq.com/data/info-defail.shtml?id=429
星界游神 巴德,https://lol.qq.com/data/info-defail.shtml?id=432
幻翎 洛,https://lol.qq.com/data/info-defail.shtml?id=497
逆羽 霞,https://lol.qq.com/data/info-defail.shtml?id=498
山隐之焰 奥恩,https://lol.qq.com/data/info-defail.shtml?id=516
解脱者 塞拉斯,https://lol.qq.com/data/info-defail.shtml?id=517
万花通灵 妮蔻,https://lol.qq.com/data/info-defail.shtml?id=518
残月之肃 厄斐琉斯,https://lol.qq.com/data/info-defail.shtml?id=523
镕铁少女 芮尔,https://lol.qq.com/data/info-defail.shtml?id=526
血港鬼影 派克,https://lol.qq.com/data/info-defail.shtml?id=555
封魔剑魂 永恩,https://lol.qq.com/data/info-defail.shtml?id=777
腕豪 瑟提,https://lol.qq.com/data/info-defail.shtml?id=875
含羞蓓蕾 莉莉娅,https://lol.qq.com/data/info-defail.shtml?id=876
