index,play_strats,counter_strats
https://lol.qq.com/data/info-defail.shtml?id=1,"
- 安妮的终极必杀技和晕眩技能一起使用能够扭转局势。
- 使用碎裂之火技能杀死小兵，可以让安妮在游戏早期打到很多钱。
- 熔岩护盾能够有效地帮助安妮叠加嗜火技能所带来的晕眩，有时尽早升1级该技能是合算的。","
- 安妮召唤的巨熊提伯斯能烧伤他附近的敌方单位。切记远离被召唤出的提伯斯。
- 召唤师技能惩戒也能够对提伯斯造成伤害。
- 留意安妮身上白色的漩涡能量，这意味着她已经准备好施放眩晕。"
https://lol.qq.com/data/info-defail.shtml?id=2,"
- 奥拉夫可以在生命垂危时组合使用狂战之怒、残暴打击和诸神黄昏，来变得不可思议地强大。
- 激活残暴打击所获得的额外治愈能力，可以增强你的生命偷取，并从友军的治疗技能上获得更多治疗效果。","
- 奥拉夫生命值越低，就越危险。保留你的限制技能来解决他。
- 在对线期阻止奥拉夫拿到他的斧头，能最大限度减少他所造成的骚扰。
- 在诸神黄昏的持续期间里，奥拉夫防御伤害的能力会降低，但是免疫控制技能。因此，如果你无法摆脱处在诸神黄昏状态下的奥拉夫的话，就尽量和队友一起集火掉他吧。"
https://lol.qq.com/data/info-defail.shtml?id=3,"
- 即使在被控制的情况下，你也可以施放【W杜朗护盾】。
- 你可以使用小地图上的友军图标来施放【R英雄登场】。
你可以利用【E正义冲拳】的小后跳来躲避敌方的技能。","
- 加里奥在积蓄【W杜朗护盾】时移动会变慢。
- 在加里奥施放【R英雄登场】时，可以趁加里奥还没跃至空中时打断这个技能。
- 加里奥无法用【E正义冲拳】翻越墙体。"
https://lol.qq.com/data/info-defail.shtml?id=4,"
- 与你的友军合作，争取最佳时机使用命运来伏击敌人。
- 潜行角色通常会在生命值较低时逃离战斗。利用命运技能发现潜行目标，并将其消灭。
- 卡牌大师可以作为物理系或法系角色，他能够配合不同的队伍构成。","
- 当你的英雄没有生命值时，早点躲避万能牌的攻击。
- 如果你的生命值很低，小心敌方的崔斯特使用命运技能来击杀你。"
https://lol.qq.com/data/info-defail.shtml?id=5,"
- 赵信是优秀的团战发起者。冲在阵型的前方来开始战斗，并使用你的终极技能来造成最大的伤害。
- 尽量移动到好的位置，好让你终极技能的击退效果的作用提升到最大。","
- 赵信是个强劲的团战发起者，他的冲锋和终极技能都能够对附近敌方单位造成伤害。 在他使用终极技能时要和队友分散。
- 赵信严重依赖他的三重爪击来获得伤害及减少冷却时间的效果，所以阻止他完成他的连招，将会有很显著的效果。"
https://lol.qq.com/data/info-defail.shtml?id=6,"
- 多注意你每条腿的冷却时间，因为它们是你伤害的重要构成部分。
- 命中【腐蚀电荷】或【鄙弃】就能用【净除】来锁定目标——这是一种可让多条腿快速地连续发射的好办法。
- 将【超越死亡的恐惧】留给那些看上去就虚弱得快死的敌人。这个技能在灭除那些逃命中的敌人时尤其有效。","
- 厄加特严重依赖他的几条腿来打击对手，而这些腿都有独立的冷却时间并且只会在他攻击腿所面对的方向上的敌人时贡献火力。避免吃到多条腿的火力。
- 厄加特可以用【净除】来造成并吸收海量的伤害，但在它开火时，厄加特自身会被减速。
- 如果你被【超越死亡的恐惧】所击中，要尽力避免限时内让血量降到斩杀线（你25%的最大生命值）。"
https://lol.qq.com/data/info-defail.shtml?id=7,,
https://lol.qq.com/data/info-defail.shtml?id=8,,
https://lol.qq.com/data/info-defail.shtml?id=9,,
https://lol.qq.com/data/info-defail.shtml?id=10,"
- 对高伤害输出的友军使用【R圣裁之刻】可以让其进行更加自由的输出，从而扭转战局。
- 凯尔一旦从【登神长阶】中获得远程形态，就会变得极为强悍。在此之前请稳重发育。
- 凯尔会从攻击力和法术强度中获益良多，因此，诸如纳什之牙或海克斯科技枪刃这类的混伤装备特别适合她。","
- 【圣裁之刻】只能让凯尔或她的友军免疫伤害。减速和晕眩技能仍可用。因此，如果他们太过激进，就诱捕他们。
- 凯尔很脆弱，一旦她施放终极技能，则转而攻击她。
- 凯尔在开始游戏时是一名较弱的近战英雄。尽量在她飞升成远程形态之前将她打崩。"
https://lol.qq.com/data/info-defail.shtml?id=11,"
- 如果你在与远程玩家作战的兵线，升级冥想可以让你在线上呆得更久，比对手升级更快。
- 早期，无极剑道在给小兵们最后一击的时候很强。
- 试着在一名敌方英雄前使用阿尔法突袭来攻击小兵，这样在技能结束的时候，你就处于一个安全距离的位置了。","
- 冥想能够有效地治疗持续伤害，但易大师在游戏前期很容易被配合gank。
- 如果易大师试图用无极剑道补兵，则连续几次攻击他，令其不得不消耗法力使用冥想回复生命值。
- 虽然易大师在使用高原血统时不能被减速，但其它限制技能还能够阻止他。"
https://lol.qq.com/data/info-defail.shtml?id=12,"
- 使用大地粉碎可以让你在更好的位置施放野蛮冲撞。
- 移动速度对于阿利斯塔非常重要，因此买鞋时要慎重考虑。
- 使用闪现可以让你抓住毫无防备的目标，继而用大地粉碎与野蛮冲撞将他们撞回你的友军中。","
- 阿利斯塔具有很强的破坏力也很结实，尝试着攻击更脆弱的输出型英雄才是更好的选择。
- 在敌方防御塔附近时要小心大地粉碎和野蛮冲撞的连击。
- 当阿利斯塔使用终极技能时，你可以后退并等到效果消逝后，再对其进行攻击。"
https://lol.qq.com/data/info-defail.shtml?id=13,"
- 使用【Q超负荷】的被动来最大化伤害或移动速度。
【E法术涌动】的冷却时间很短，可以利用这点来将【涌动】效果散播到多个敌人身上。
在【R曲境折跃】的充能期间，瑞兹可以移动并施放其它技能，并且这么做不会导致传送门被取消。","
- 对那些身上带有【涌动】效果的人来说，瑞兹尤为危险。
- 要利用【曲境折跃】的施放时间来想好如何处理即将从传送门中出现的敌人。
- 在瑞兹施放【曲境折跃】期间，如果能用控制技能使他无法施法或无法移动，那么这个技能就会被取消。"
https://lol.qq.com/data/info-defail.shtml?id=14,"
- 在【R蛮横冲撞】进行时，你只有非常微弱的转向能力，所以请先规划好冲撞的直线。
-【E杀手怒吼】是一个强大的起手技能，可以为一记强劲的【Q残虐猛击】争取足够久的时间。
-【W灵魂熔炉】的增益状态会显示护盾的剩余生命值，利用这个信息来完美选择它的爆炸时机。","
- 即使会被赛恩的【Q残虐猛击】给命中，也要让赛恩提前放出这个技能，从而减少这个技能的影响力。
- 利用赛恩死后的时间来重新站位，并准备好迎接他的回光返照。"
https://lol.qq.com/data/info-defail.shtml?id=15,"
- 希维尔的回旋之刃在到达最远射程后会飞回她手中，因此在扔出后你可以调整位置使它更容易命中敌人。
- 弹射会立刻重置希维尔的普通攻击，所以在进行一次普攻之后立刻激活它，就能最大化伤害输出。
- 尽量留着法术护盾，来帮你抵挡那些可以限制你的技能，例如：晕眩和束缚。","
- 回旋之刃会消耗大量法力值，躲避该技能会让希维尔受挫。如果她在扔出去时击中了你，在其返回时你要避免再次被击中。
- 希维尔是一个强大的推线英雄，所以如果任由她独自推线的话，你将发现己方的防御塔很快就被摧毁了。
- 当你使用一个法师与希维尔对线时，你可以假装压上施法再退回，来诱骗她用掉法术护盾。"
https://lol.qq.com/data/info-defail.shtml?id=16,"
- 索拉卡是个很强大的盟友，用她的治疗技能让己方团队不停前进。
- 你可以在地图的任意位置用【R祈愿】拯救原本要丧命的队友。
- 【E星体结界】在限制敌方走位时非常强大。","
- 在团战中，如果索拉卡冲到前线治疗她的队友，那么就集中火力攻击索拉卡。
- 如果索拉卡将【E星体结界】用来压制，那么可以利用这个技能冷却时间长的特点来赚取优势。
- 集火索拉卡要比集火她正在治疗的友军更轻松。"
https://lol.qq.com/data/info-defail.shtml?id=17,"
- 提莫的蘑菇用来打钱是很有效的。
- 将你的蘑菇放在地图上的关键位置，比如靠近龙或纳什男爵的地方，以便在敌人试图杀死他们的时候能侦查到。","
- 提莫的毒性射击技能对被击中再退后的玩家同样有效，在你准备好反击之前要和提莫保持距离。
- 你可以用神谕透镜来安全地摧毁关键地区的蘑菇。"
https://lol.qq.com/data/info-defail.shtml?id=18,"
- 崔丝塔娜的巨枪可以让它远距离攻击目标。利用这个可以防止你的敌人靠近你。
- 在你对一个敌人叠满【爆炸火花】的层数后，再用【火箭跳跃】跳到这个敌人身上，就能对这个敌人造成爆发性的伤害。
- 你可以用【急速射击】来帮你尽快在敌方英雄身上叠满【爆炸火花】。","
- 如果你看见崔丝塔娜在交战中激活急速射击，那么晕眩她，并且后退，直到该技能消散。
- 对线时远离你的小兵，减少爆炸射击所带来的附带伤害。"
https://lol.qq.com/data/info-defail.shtml?id=19,"
- 跟随你的【W鲜血追猎】的血迹就能找到那些生命值较低的敌方英雄。
- 沃里克的终极技能的施放距离可以从任何移动速度加成中获益，包括友方的增益效果和召唤师技能。
- 【Q野兽之口】会跟随敌人。在你按住这个技能键时，即使敌人用了奔跑、突进或传送技能，沃里克也会跟随他们出现在相应位置。","
- 沃里克普攻会在他生命值较低时治疗他。把你的控制技能留到他残血时用，不要给他反击的机会。
- 沃里克在对抗生命值较低的敌人时会获得强化。维持好你的生命值，别让他有可乘之机。
- 沃里克终极技能的施放距离可从他的移动速度加成中获益。"
https://lol.qq.com/data/info-defail.shtml?id=20,"
- 吞噬可以让努努呆在线上对抗敌方远程英雄。
- 如果有对手即将跑出射程，你可以选择早点打断绝对零度造成部分伤害。
- 延迟施放绝对零度直到对手使用完首轮限制，通常是有益的。尽量在冲入团战之前再等待一下。","
- 打断绝对零度技能的引导会减低你队伍所受到的伤害。
- 使用召唤师技能闪现，将确保你逃离绝对零度技能。
- 【史上最大雪球！】移动得非常快但无法快速转向，因此尽量不要沿直线逃跑，而是要进行突然、大角度的转向。"
https://lol.qq.com/data/info-defail.shtml?id=21,"
- 厄运小姐如果近期没有受到伤害，就会提高速度。避免受到攻击可以让她移动非常迅速。
- 如果敌方英雄躲在小兵背后，则对最远处的敌方小兵使用一箭双雕；它会弹射到敌方英雄身上造成大量伤害。
- 在【大步流星】尚未冷却时，要尽量利用【厄运的眷顾】来最大化攻击速度加成的持续时间。","
- 厄运小姐的加速会被我方的伤害移除。
- 如果你能追上厄运小姐，她很容易被击杀。在团队作战中先锁定她为目标。"
https://lol.qq.com/data/info-defail.shtml?id=22,"
- 尽量预判敌人行进的方向发射魔法水晶箭 ，这样可以加大射击命中率。
- 万箭齐发的箭矢会被命中的第一个敌人所阻挡，因此请注意拉开距离，以防所有箭矢都被敌方的前排英雄所吸收。
- 鹰击长空能侦查野区中的目标，这让你在野区中作战很有优势。","
- 艾希几乎没有防御技能，因此是优先的gank目标。
- 如果艾希有段时间没有施放她的【魔法水晶箭】，那么你在地图上移动时就要特别小心。"
https://lol.qq.com/data/info-defail.shtml?id=23,"
- 推迟激活无尽怒火是促使敌方英雄过度激进地想来杀死你的有效方式。
- 嗜血杀戮是治疗泰达米尔的有效方式，试着在增益消失之前激活它。
- 如果敌人叠加护甲，可购买最后的轻语或者幽梦之灵。","
- 尽早的骚扰泰达米尔，使其无法击杀小兵、无法通过嗜血杀戮技能回复生命值。
- 切记：只有在背对泰达米尔的前提下，他才能够减缓你的速度。
- 泰达米尔造成的大多是物理伤害。如果他变得过于强大，可以考虑购买荆棘之甲。"
https://lol.qq.com/data/info-defail.shtml?id=24,"
- 贾克斯的跳斩能对友军施放，包括侦查守卫，你可以利用这个逃离敌人的追杀。
- 诸如鬼索的狂暴之刃和海克斯科技枪刃等物法双加成的装备，都对贾克斯大有裨益。","
- 通过短时间爆发来伤害贾克斯，而不要跟他过于靠近。不让他连续攻击，就能极大降低他所造成的伤害。
- 贾克斯可以在短时间内躲闪掉所有即将到来的普通攻击，并在结束后晕眩周围的敌军。请等到他的躲闪结束后再发起攻击。"
https://lol.qq.com/data/info-defail.shtml?id=25,"
- 精明地使用黑暗之盾可以决定团战的结果。
- 增强生存力的道具可以使莫甘娜在联合使用黑暗之盾与灵魂镣铐时变得极难杀死。
- 如果兵线上只有你自己，那么痛苦腐蚀能有效地帮助你打钱。","
- 【W折磨之影】会对失去大量生命值的敌人造成成吨的伤害。在血量较低时，要留心莫甘娜把你诱骗到它范围内的企图。
- 莫甘娜经常需要使用【Q暗之禁锢】来发起其他进攻，把小兵当护盾，从而躲避【Q暗之禁锢】。
【E黑暗之盾】让莫甘娜免疫限制效果，但这个护盾可以被魔法伤害给灌爆。"
https://lol.qq.com/data/info-defail.shtml?id=26,"
- 你可以连续使用【Q定时炸弹】和【W穿梭未来】来快速地将两颗定时炸弹放到一个目标上。放置第二颗炸弹会引爆第一颗，并晕眩附近的敌人。
- 【E时光发条】能让友军追杀敌人，或者从败仗逃脱。
- 【R时光倒流】能有效保护本方的主力输出英雄，但过早使用该技能会导致敌方转移攻击目标，降低效果。","
- 如果你能跟上基兰的速度，你可以等到他的终极技能效果消逝之后，再发出夺命一击。
- 基兰很容易死在集火之下，但是很难被单杀。想杀他时，请你的队伍集中火力。"
https://lol.qq.com/data/info-defail.shtml?id=27,"
- 剧毒踪迹在打钱与骚扰方面是很有效的，可以让辛吉德主宰他所在那条线的形势。
- 用疯狂药剂诱使敌人在剧毒踪迹上追捕你。
- 将敌人扔进你的塔内可以对他们造成巨大伤害。","
- 保持一定距离，避免被过肩摔投掷到敌人堆里去。
- 辛吉德要接近你的队伍，才能施展技能，充分利用这一点，在攻击他的友军时，使用控制技能限制他的移动。
- 追击辛吉德的时候要小心，他很难被打倒，且在你追赶过程中，他能用剧毒踪迹对你造成伤害。"
https://lol.qq.com/data/info-defail.shtml?id=28,"
- 【引诱】的准备时间也许看上去有点久，但它所具备的魅惑和魔抗击碎效果会为伊芙琳带来极大优势，所以等待是值得的。
- 在潜行时，要注意你是否被敌方英雄所侦测到。你可以通过敌方英雄头上逐渐变黄和变红的眼睛来识别。
- 在生命值较低时，伊芙琳可利用【恶魔魅影】的治疗效果和【伪装】重返战场，打敌人一个措手不及。","
- 购买控制守卫可以帮助你侦测伊芙琳的位置，从而对她的伏击做好准备。
- 伊芙琳的很大一部分威胁都在她的魅惑效果“引诱”上。保护那些带有“引诱”标记的友军，或者，如果你被标记了，确保你的友军隔在你和伊芙琳可能发起攻击的位置之间。
- 如果你猜测伊芙琳已经离开了你的战线，可以通过打字以及在小地图上进行标记来让友军知道。"
https://lol.qq.com/data/info-defail.shtml?id=29,"
- 图奇是游戏中最高攻击速度的英雄之一，尽量购买像黑色切割者、或智慧末刃等带有攻击附带效果的道具。
- 【E毒性爆发】范围很大，在使用之前尽量给对手多叠几层【死亡毒液】。
- 你可以用【W剧毒之桶】来追上那些超出射程的敌人。","
- 图奇很脆弱。你可以趁他伪装状态之外时抓住他倾泻火力。
- 法术护盾不能阻挡死亡毒液的伤害，但是它们能够阻挡图奇施放毒性爆发的效果。
- 如果你猜测图奇已经离开了兵线，请尽快告知你的队友。"
https://lol.qq.com/data/info-defail.shtml?id=30,"
- 让友军帮忙，告诉你何时使用安魂曲，从而击杀在不同线的对手。
- 用荒芜来打钱及骚扰敌方英雄是非常有效的。","
- 卡尔萨斯死后能够施放短暂的技能。远离他的尸体以保安全。
- 确保你有足够的生命值从安魂曲中存活，虽然这意味着你得经常回到基地去回复生命值。"
https://lol.qq.com/data/info-defail.shtml?id=31,"
- 尽量调整普攻的角度，好让虚空尖刺能够同时击杀敌方小兵并伤害敌方英雄。
- 如果你难以吃掉英雄的话，那就多吃小兵让自己变大。
- 将破裂与肉食者联合使用可以很好地增加生命和法力。","
- 购买一些增加生命值的物品能够降低被科加斯快速杀死的机率。
- 集中精力阻止科加斯达到其最大体积。
- 破裂技能释放前，附近地面会有烟云预兆。你要对此多加注意，阻止科加斯的连击。"
https://lol.qq.com/data/info-defail.shtml?id=32,"
- 阿木木极度依赖队友，尽量与友军同线来取得最大的效果。
- 冷却时间减少的阿木木很强，但他很难通过装备来获取冷却缩减。击杀苍蓝雕纹魔像获得增益来减少冷却时间，而不需要牺牲装备数值。
- 绝望光环在对付其他坦克时很有效，确保你的绝望光环能攻击到对方最高生命值的英雄。","
- 当阿木木施放终极必杀技时，避免和友军聚成一团。
- 频繁的移动或躲在小兵后面都能让阿木木绷带牵引技能无法击中你。
- 阿木木的绝望光环按生命比例伤害，所以购买增加生命值的物品效果并不一定理想。"
https://lol.qq.com/data/info-defail.shtml?id=33,"
- 动力冲刺可以作为一种有效的逃跑方法。
- 在你的防御塔附近嘲讽敌人可以让防御塔攻击敌人。
- 地动山摇与尖刺防御可以在游戏后期用来摧毁防御塔（地动山摇对建筑物有效）。如果你在团队作战中陷入困境，可以转而攻击建筑物。","
- 在拉莫斯不使用尖刺防御时攻击他，因为拉莫斯不用此技能时，他的属性要远低于一般的坦克英雄。
- 拉莫斯通常会堆高护甲，在他没有用尖刺防御时，把他留给法师来解决吧。"
https://lol.qq.com/data/info-defail.shtml?id=34,"
- 在恰当的时机使用寒冰闪耀+霜寒刺骨的连招将对敌人造成毁灭性的伤害。
- 艾尼维亚在释放冰川风暴时极度依赖法力。试着出一些法力道具或击杀苍蓝雕纹魔像获得它的增益效果。
- 她的凤凰蛋在前期是很难被敌方英雄所杀的，你可以狠狠地进攻来占据优势。","
- 当艾尼维亚在兵线上时试着gank他。人越多，越容易杀死她的凤凰蛋。
- 如果你是远程英雄，则尽可能远离艾尼维亚，躲避寒冰闪耀技能。
- 在兵线上攻击艾尼维亚，因为在丛林中她能用低等级的寒冰屏障封锁路径。"
https://lol.qq.com/data/info-defail.shtml?id=35,"
- 使用【Q欺诈魔术】穿越地形可以帮助你干净利落地逃脱。
- 尽量购买带有攻击附加效果的道具，这些也会有助于你的幻象。
- 诸如无尽之刃等提高暴击伤害的效果可以加强背刺的伤害。","
- 如果萨科前期表现不错，把侦查守卫布置到他的野怪营地附近来对抗他是值得的。
- 如果萨科使用【欺诈魔术】进入战场，他短时间内将无法重新使用该技能，利用这个机会和你的队伍一起快速将他打倒。"
https://lol.qq.com/data/info-defail.shtml?id=36,"
- 时机正好的背水一战可以引诱敌方英雄来攻击你，即使他们没有足够的攻击输出消灭你。
- 振奋盔甲能够增加使用终极必杀技所回复的生命值，缩短所有技能的冷却时间。
- 屠刀对中立怪物的杀伤力很强。可以通过中立怪物打钱，直到终极必杀技能够治疗你，而不用回到基地。","
- 在蒙多医生使用终极必杀技后马上和队友使用强大的攻击技能。如果不能够立刻杀死他，他会迅速回复生命值。
- 当蒙多医生使用背水一战消耗部分生命值，从而短暂提升移动速度并巨幅提升生命回复速度时，可尝试使用引燃。"
https://lol.qq.com/data/info-defail.shtml?id=37,"
- 在娑娜的光环激活时，要确保紧靠队友来提供效果，同时也要避免被敌人攻击到。
- 将【R狂舞终乐章】留到改变局势的那一刻。
- 在合适的时机使用【W坚毅咏叹调】，将最大化你的生存能力。","
- 看到娑娜时要散开，避免她施法让你和友军跳舞。
- 先杀死娑娜，因为如果她一个人长时间停留会达到治疗友军的效果。"
https://lol.qq.com/data/info-defail.shtml?id=38,"
- 卡萨丁有多条装备路线，他可以通过法力和法术强度装备来做一个法师，或者出冷却缩减和魔法抗性的装备来对抗对方的法师。
- 卡萨丁的终极技能有很多用途，并且比多数终极技能的冷却时间短，你可以把它作为常规技能来用。
- 尽量获得苍蓝雕纹魔像增益来缓冲【R虚空行走】不断提升的法力消耗。","
- 卡萨丁对目标主要造成魔法伤害。如果发展顺利，可考虑购买诸如水银之靴和女妖面纱这样的魔抗装来抵挡他。
- 卡萨丁每连续使用一次【R虚空行走】，都会消耗更多的法力。你在追击他时要牢记这点。
- 卡萨丁需要6次充能（周围有英雄施放技能）才能施放减【E能量脉冲】，使目标减速。如果他升级了该技能，你最好明智地使用你的技能，因为你在施放技能的同时会为卡萨丁充能。"
https://lol.qq.com/data/info-defail.shtml?id=39,"
- 在你前往目标英雄的途中，先用【利刃冲击】攻击低生命的小兵，再用【利刃冲击】攻击目标英雄，便可瞬间移动很远的距离。
- 【距破之舞】不可被控制效果打断，可尝试用它来免除即将到来的控制效果。
- 【比翼双刃】没有最大飞行距离，可尝试以创造性的方式来使用它。","
- 多关注【艾欧尼亚狂热】的层数，并且试图在它刚消失时与艾瑞莉娅开战。
- 兵线可极大地增强艾瑞莉娅的机动能力，不要在她处在一大波小兵之中时与她作战。
- 不要把你的重要技能倾泻在【距破之刃】上。"
https://lol.qq.com/data/info-defail.shtml?id=40,"
- 风暴之眼可以用于友方的防御塔。
- 快速发出飓风呼啸（不要蓄力）可以很好的控制对方队伍。
- 迦娜的终极技能可以将敌人从受伤友军身边推开或者甚至打散敌人。","
- 保留一个打断技能给迦娜的终极技能。
- 留心听飓风呼啸蓄力的声音，以防迦娜在屏幕后或树林的突袭。
- 迦娜辅助友军处于最强劲状态。骚扰她的友军能够削弱迦娜对你的威胁。"
https://lol.qq.com/data/info-defail.shtml?id=41,"
- 枪火谈判可以附带像冰霜之锤或黑色切割者的攻击附带效果。
- 留意地图上低生命值的敌人，你可以突然使用加农炮幕击杀他。
- 尽量将加农炮幕放在逃跑道路上来截断逃兵。","
- 枪火谈判可以造成高额的物理伤害。如果敌人的普朗克表现不错，那么提供护甲的物品将对你大有裨益。
- 一旦普朗克到达6级，就要留意他的全地图终极技能，加农炮幕！"
https://lol.qq.com/data/info-defail.shtml?id=42,"
- 磷光炸弹可以用来暴露躲在附近草丛里的敌人。
- 瓦尔基里俯冲也可用来防身，试着用它来快速逃脱。
- 库奇在使用格林机枪时也能进行普通攻击。将格林机枪的伤害最大化是掌握库奇的关键。","
- 小心库奇的磷光炸弹的溅射伤害，就算你躲在小兵后面也会受伤。
- 库奇使用【瓦尔基里俯冲】或【特别快递】后变得脆弱。若库奇用这些技能来切入战场，则可把注意力转移到他身上。"
https://lol.qq.com/data/info-defail.shtml?id=43,"
- 聚能之炎鼓励激进型的打法。找机会把技能和普攻扔到你的对手身上，来降低梵咒的冷却时间，并保持攻击的态势。
- 在使用坚定不移时，先用心灵烈焰来减速你的敌人，或者用鼓舞来加强自己的速度，就能帮你解决跟不上目标的烦恼。
- 在有梵咒时，不要过于保守。聚能之炎是最强大的团战技能，因此可以轻易地为梵咒进行多次充能。","
- 卡尔玛的被动技能，会在她用技能和普攻命中敌人时减少梵咒的冷却时间。不要给她白打你的机会。
- 卡尔玛的灵光闪耀会在落地区域喷发，造成额外伤害。反应快一点，走出那个圈就可以避免承受成吨的伤害。
- 坚定不移是一个强大的脱身手段。保持足够远的距离，来避免被束缚，并在之后寻求交战的时机。"
https://lol.qq.com/data/info-defail.shtml?id=44,"
- 【正气凌人】的冷却缩减部分，让诸如【冰霜之心】、【冰脉护手】和【振奋盔甲】等冷却缩减装在塔里克身上尤显强大。
- 使用低充能数的【Q星光之触】会导致同样法力带来的治疗效果变少，但可通过【正气凌人】来极大地提升塔里克的持续伤害。
- 与其把【R宇宙之辉】留到最后时刻并让所有人在延迟期间都有丧命的危险，不如在你预感到团战即将开始的时候尽快施放。","
- 塔里克的终极技能【R宇宙之辉】会在生效前有段很长的延迟时间。尽量快速做出判断，来看看是否能够脱离战斗或在这段延迟时间内击杀掉他的友军。
- 塔里克的被动技能【正气凌人】，可让他通过对敌人进行普攻来减少他的技能冷却时间。尽量在团战中放他风筝，并在新一波小兵还没到达时教训他。"
https://lol.qq.com/data/info-defail.shtml?id=45,"
- 使用扭曲空间来确保暗黑物质成功击中。
- 维迦极度依赖和冷却缩减。买一些增加以上属性的装备，会令你的被动技能更有效，并能让你可以施放更多的黑暗祭祀。
- 维迦是非常脆弱的，尽量保证你有至少一个召唤师技能用来防身。","
- 黑暗物质能造成巨大伤害，但可以避免。留意声音和视觉指示，了解技能施放的时间和地点。
- 扭曲空间技能只晕眩边缘上的单位。如果你在技能范围内而不穿过边缘，你仍能移动和攻击。
- 维迦的终极技能伤害会基于你的已损失生命值而提升。"
https://lol.qq.com/data/info-defail.shtml?id=48,"
- 特朗德尔擅长在冰封领域内战斗。试着把敌人引到此区域内。
- 用强权至上来削弱强大的敌方坦克或以此让你的队伍集中火力。
- 利齿撕咬能够很好地降低敌人的物理伤害，试着将此技能用于敌方的物理输出英雄。","
- 特朗德尔在特定地形下作战能力超强。试着让他离开冰封领域。
- 尽快逃离他的寒冰之柱，因为它会极大地减慢你的速度。"
https://lol.qq.com/data/info-defail.shtml?id=50,"
- 如果你很难用【永不复行】来束缚住敌人，可以试试趁着敌人靠近敌方小兵的时候释放该技能，来用爆炸带给TA惊喜。
- 在兵线上时，尽量试着从一个安全的距离上利用【解脱之手】的穿透伤害来消耗敌人。
【帝国视界】本身非常难以命中敌人，所以要时刻留意地图各处的遭遇战，来对那些被干扰了注意力或被控制的敌人使用，这样就能更易命中敌人。
- 【恶魔升华】也许会让斯维因非常难以被击杀，但敌人也可以非常容易地走出技能范围。如果敌人的机动性已经高到爆表，可以尝试购买一些减速装备，来将敌人留在技能范围内。","
- 如果你被定身，那么斯维因的被动就会非常强大。请打起十二分的精神来应对那些拥有定身技能的敌方英雄。
- 高机动性可以克制斯维因的所有基础技能：【解脱之手】是对越近的敌人造成越多伤害，【帝国视界】拥有一个非常久的延迟，而【永不复行】则必须是在返程途中才会特别危险。
购买任一带有【重伤】效果的装备，即在斯维因开启【恶魔升华】期间更易将他击杀。"
https://lol.qq.com/data/info-defail.shtml?id=51,"
- 充分利用约德尔诱捕器，先发制人，确保在战斗过程中随时可以放置新的诱捕器。
- 不要在团战中使用让子弹飞，因为很容易被其他目标误挡。
- 发射90口径绳网来远离敌人、拉近距离或穿墙。","
- 如果凯特琳用和平使者骚扰你，记得躲在自己的小兵后面（这样受到的伤害会更少）。
- 如果你站在让子弹飞的发射路径上，你可以帮助友军拦截子弹。"
https://lol.qq.com/data/info-defail.shtml?id=53,"
- 机械飞爪、能量铁拳和静电力场的1
-2
-3组合可以摧毁一名落单的对手。
- 使用布里茨的抓取将一名敌人拉入你们的防御塔射程内，继而一记能量铁拳可以让防御塔对他们进行多发射击。","
- 布里茨的被动技能【法力屏障】能够在他濒死时提供一个吸收伤害的护盾。
- 躲在小兵后面能够防止被布里茨抓。布里茨的机械飞爪只能够抓住第一个碰到的敌人。"
https://lol.qq.com/data/info-defail.shtml?id=54,"
- 护甲能降低花岗岩护盾在承受敌方攻击时的损耗速度，因此在敌人摧毁护盾前激活野蛮打击，可以加强护盾对物理伤害的承受能力。
- 虽然他的多数技能可通过护甲来提升伤害，但有些对局还是需要墨菲特拥有魔法抗性。当这种情况出现时，可以试试购买军团圣盾，水银之靴以及守护天使等物品。","
- 若你是物理伤害英雄，攻击墨菲特时站在友军后方。大地震颤会极大地减少你的伤害。
- 墨菲特是少数具备打野能力的坦克之一。如果看到墨菲特带了惩戒，就要当心了。"
https://lol.qq.com/data/info-defail.shtml?id=55,"
- 拾取匕首会显著降低【E瞬步】的冷却时间。
- 等到敌方正与我方缠斗之际，用【E瞬步】加入战局，并释放一朵毁灭性的【R死亡莲华】。
- 对友军英雄、匕首或小兵使用瞬步是个很好的逃跑手段。","
- 卡特琳娜的技能对目标造成魔法伤害，尽管她购买增加攻击的物品，你也可使用魔抗应对。
- 推荐为卡特琳娜的死亡莲华保留一个限制技能。"
https://lol.qq.com/data/info-defail.shtml?id=56,"
- 在千钧一发之际施放终极技能是非常划算的，即使你不能用它来突进。
- 梦魇之径不仅是攻击技能，还可以让你远离战斗或者从必死的境地之中逃脱。
- 在终极技能突进时使用黑暗庇护，也许会让恐慌的敌人在你的护盾上浪费一次限制技能。","
- 当魔腾施放终极技能时，和友军站近一点儿，这样才能一起以众敌寡！
- 魔腾的无言恐惧有范围限制，所以预留好你的移动技能，好在魔腾施放此技能时逃开。"
https://lol.qq.com/data/info-defail.shtml?id=57,"
- 树苗可以投进草丛里，来获取强化效果——但同样不会堆叠。
- 尽量不要从正面上，从侧面或其他角度切入，会让自然之握变得无法躲避或给敌人来一次“惊喜”。
- 茂凯的被动会让他在面对技能的集火时尤为持久——前提是他仍然可以进行普攻。","
- 树苗会追击第一个距离它过近的敌人，但会在几秒后或与其它敌人碰撞后爆炸。要特别当心草丛里的树苗，因为它们会更加危险。
- 茂凯的自我治疗的冷却时间严重依赖于你用技能命中他的次数。注意不要在他身上浪费多余的技能。
- 茂凯在使用扭曲突刺时不会受到伤害，所以不要在这时浪费你的技能。"
https://lol.qq.com/data/info-defail.shtml?id=58,"
- 横冲直撞非常适合骚扰。先释放技能突入，触发后使用直撞返回安全的位置。
- 狂怒状态下暴君狂击可以汲取额外的生命值，你可以借此让敌人错误的低估你。
- 冷却缩减对雷克顿来说是不错的属性，可以迅速获得并使用怒气。","
- 在雷克顿有足够怒气时，要格外小心，因为它通常标志着他准备发起攻击了。
- 通过持续骚扰雷克顿，阻止其进行攻击并获得怒气，能极大降低他的技能效果。"
https://lol.qq.com/data/info-defail.shtml?id=59,"
- 你可以配合使用巨龙撞击和德邦军旗，离开终极技能形成的环形障碍。
- 团战前期攻击各个英雄而不是攻击一个英雄，可以将战争律动的伤害最大化。
- 可以把德邦军旗当作侦察工具。","
- 远离嘉文四世和他的军旗之间的路径，以免被击飞。
- 虽然天崩地裂的环形障碍令人恐惧，但移动技能可以帮助你穿过。"
https://lol.qq.com/data/info-defail.shtml?id=60,"
- 蜘蛛形态在收割残血敌人时非常有效；人类形态的神经毒素能对生命充沛的敌人造成更多伤害。
- 蜘蛛形态下，小蜘蛛将会攻击被伊莉丝施放了剧毒之蜇的目标。
- 伊莉丝的蜘蛛形态和蛛形技能不消耗法力，可以在你想要保存法力时优先施放。","
- 在你的生命值很低时，伊莉丝的蜘蛛形态会更加危险，并且在你生命值很高时，她的人类形态会更有威胁。
- 盘丝将只会使伊莉丝垂直地上下移动，除非她降落到一名敌方单位身上。
- 盘丝的冷却时间很长。在用完这招后，伊莉丝将极易被攻击。"
https://lol.qq.com/data/info-defail.shtml?id=61,"
- 【E指令：防卫】可用于自身，让魔偶更快回到你身边。配合使用【E指令：防卫】和【Q指令：攻击】能对敌人进行快速骚扰。
- 如果魔偶在奥莉安娜手上，那么【W指令：杂音】是很强劲的逃生技能。在加速的同时又能让敌人减速，效果很强大。
- 如果你正确掌控魔偶的位置，【R指令：冲击波】能让你拉近敌人或者远离敌人。","
- 奥莉安娜只能对魔偶所在的区域附近产生影响。利用这点来创造优势。
- 小心正返回奥莉安娜身边的魔偶，可能会有让你意想不到的事情发生。"
https://lol.qq.com/data/info-defail.shtml?id=62,"
- 配合使用腾云突击和真假猴王能够快速攻击敌人并在他们报复之前撤退。
- 尝试在草丛附近使用真假猴王，忽悠敌人。","
- 孙悟空通常会在使用腾云突击后使用真假猴王。保留技能，确保你击打的是孙悟空真身。
- 孙悟空在被敌人包围时会变得更加难杀。尽量先孤立他，从而获得优势。"
https://lol.qq.com/data/info-defail.shtml?id=63,"
- 你可以对敌方英雄附近的小兵使用技能点燃他们，再使用烈火燃烧来溅射到敌方英雄。
- 你可以将布兰德的技能自由组合，连招攻击。
- 烈焰风暴随机在周围敌人间反弹，如果您想对同一目标进行多次反弹，最好对一小撮敌人施放此技能。","
- 布兰德连招前一定要施放一个技能。躲避火焰烙印或烈焰之柱能打乱他的节奏。
- 当你看见布兰德施放烈焰风暴时，远离友军。该技能初始飞行速度较慢，您的团队有一定反应时间。
- 布兰德的被动技能让他特别擅长对付聚在一起的敌人。在对付他时请确保阵形已经分散开。"
https://lol.qq.com/data/info-defail.shtml?id=64,"
- 施放猛龙摆尾前先用天音波，这样李青可以用回音击瞬间接近目标。
-你可以在两次施放技能之间使用普攻，来充分利用【疾风骤雨】的优势——这样可以将伤害输出最大化，并可回复能量。
- 在打野时，先对自己释放金钟罩，再激活铁布衫，是一个非常好用的打野技巧。","
- 团战时猛龙摆尾有很强的输出。尽量分散站位以减少受到的冲击。
- 李青的铁布衫和摧筋断骨能很好地对付物理输出，但是容易受魔法伤害。
- 李青很依赖连招。你可使用限制技能阻止他连招。"
https://lol.qq.com/data/info-defail.shtml?id=67,"
- 闪避突袭有很多用法，但不能穿墙。
- 恶魔审判能将敌人晕在墙边，帮助你造成击杀或者逃脱追击。
- 不要冲在团战的最前面，等待耐打的队友先上。","
- 薇恩很脆弱——注意压制她，使其不得不谨慎作战。
- 不要让薇恩有机会把你击晕到墙边。"
https://lol.qq.com/data/info-defail.shtml?id=68,"
- 尝试让自己待在危险温度从而将技能效果最大化。如果技能使用过于频繁，很容易过热。
- 尝试让敌人待在纵火盛宴的作用范围内，这样可以持续造成更多伤害。
- 如果你即将获胜，可以使用终极技能阻止敌人逃离。","
- 留心兰博的热量条。如果他处于过热状态，那么当他被沉默时，可以趁机击杀他。
- 如果你站在兰博的终极技能范围内，将承受巨额的伤害。当你看见导弹降落时，就赶紧撤离吧。
- 兰博主要输出魔法伤害。出些魔抗来减少他对你的伤害。"
https://lol.qq.com/data/info-defail.shtml?id=69,"
- 对被石化凝视眩晕的野怪和单位施放双生毒牙，可以达到最大伤害效果。
- 在施放瘟毒爆炸时要注意预测敌人的走位，这样才不会放空。","
- 当你已经中了卡西奥佩娅的毒时，要小心她的双生毒牙。
- 当她施放石化凝视时，你要背对她，这样只会被减速而不会被晕眩。"
https://lol.qq.com/data/info-defail.shtml?id=72,"
- 你的普通攻击会减少【Q水晶横扫】的冷却时间，因此可以在两次【Q水晶横扫】之间填充普通攻击，来最大化伤害输出。
- 先占据水晶尖塔，然后再尝试夺取尖塔附近的野区战略点或进行团战，就会让斯卡纳的表现足以亮翻全场。
- 【R晶状毒刺】在改变敌方英雄的位置时非常给力，尽量把目标拉到友军中间，让队友们都能打个爽吧。","
- 当你离斯卡纳较远时，斯卡纳就无法对你造成大量伤害，因此尽可能远离他！
- 只要斯卡纳的【W水晶蝎甲】释放的护盾存在，他的移动速度和就会得到提升。打破他的蝎甲，就能减缓他的移动速度。
- 斯卡纳在水晶尖塔的区域里时会特别致命。如果准备在水晶尖塔附近开战，最好尽量先把水晶尖塔给占据了。"
https://lol.qq.com/data/info-defail.shtml?id=74,"
- 炮塔的布局是战斗中一个决定性因素。对于大多数敌人，扎堆放置炮塔来攻击敌人是最佳方法，但如果敌人有很多群伤技能，那么你的防御塔可能很快就会被摧毁。此外，将炮塔放置在草丛中，可以进行有利于己方的突袭。
- 对于黑默丁格的生存而言，【E电子风暴手雷】的成功命中是非常重要的。减速和晕眩效果都能让敌人乖乖呆在远处被你痛揍，但它也是对付敌方奇袭的第一道防线。","
- 黑默丁格召唤炮塔后，尽快伙同你的队友摧毁炮塔。炮塔聚集在一起后会变得很强力。
- 要当心黑默丁格的终极技能，因为他能用终极技能来化解当前他所遇到的大部分麻烦。一旦他交出终极技能，就可以准备击杀他了！"
https://lol.qq.com/data/info-defail.shtml?id=75,"
- 如果时刻注意用【Q汲魂痛击】来补刀的话，就能在游戏的后期拥有强大的冲击力。
- 如果你1个人单走一路，那么【E灵魂烈焰】会是一个很好的刷兵手段。如果你在一条有2个英雄的兵线上，并且推进太远的话，【E灵魂烈焰】就不那么好用了。在【Q汲魂痛击】的单体补刀与【E灵魂烈焰】范围伤害技能的刷兵之间找到正确的平衡点。
- 如果你防御力低下，人们就会集中攻击你，就算是你在终极技能的持续时间中。即使你要走物攻路线，也要尽量购买一些提高生存能力的装备。","
- 在使用终极技能变形时，内瑟斯要比联盟中的大部分英雄更加强大。除非你有明显优势，否则不要和他交战。
- 最高级的枯萎能有效地反击物理输出型英雄，若你是一个物理输出英雄，最好避免和他单挑。
- 内瑟斯容易被放风筝（远程英雄保持距离让对手不能攻击到自己，但自己能攻击到对手）。尽量不要与满状态的内瑟斯交战。"
https://lol.qq.com/data/info-defail.shtml?id=76,"
- 好好利用草丛！进出草丛可以大大影响你在战斗中的效果。
- 在团战开始时，用你的【Q标枪投掷】压制敌人，然后切换到美洲狮形态去追击被捕猎的目标。
- 【W丛林伏击】的陷阱会根据猎物的当前生命值来造成伤害。把它们放在己方队伍的后排，就可以在对面冲锋时帮助你的队伍对敌方的前排英雄造成伤害。","
- 奈德丽的【捕猎】减益效果只能通过【Q标枪投掷】和【W丛林伏击】来施加。注意躲闪这些技能，就能降低她追加伤害的能力。
- 奈德丽的【Q标枪投掷】的飞行距离越远，造成的伤害就越高。如果她从远处投掷标枪，那么就一定要躲避她的标枪了。
- 奈德丽的【Q推倒】会对被捕猎的目标造成额外伤害，但她需要先近身才能使用这个技能。把你的控制技能或防御技能留到她过来拿人头的时候再用吧。"
https://lol.qq.com/data/info-defail.shtml?id=77,"
- 切换龟灵状态后，护盾吸收的伤害是计算过魔抗和护甲之后的。因此，购买防御道具可以大大地增加你的存活力。
- 乌迪尔是游戏中最好的打野英雄之一。利用这点可以让你的队伍有很大的经验优势，并能很好地控制地图。","
- 乌迪尔通常从野区出现，偷袭兵线上的玩家。在重要位置放置侦查守卫来掌握他的动向。
- 一旦初始的护盾消逝，灵龟姿态在对抗其他英雄时就会很无力。猛烈攻击，迫使他转换姿态，阻止他回复生命。
- 有些乌迪尔玩家购买坦克物品来增强生存能力，你可以转而攻击他相对比较弱的队友。"
https://lol.qq.com/data/info-defail.shtml?id=78,"
- 被动技能【钢铁大使】的圆盾会倾向于落在墙体附近，尽量利用这点来让【E英勇冲锋】发挥作用。
- 可以立刻施放【R持卫的裁决】来击退敌人，你可以在单挑中利用这个特点来赚取优势。","
- 波比可以用她的【W坚定风采】来阻挡敌人的突进。
- 当波比开始旋转她的铁锤时，就说明她在给她的终极技能【R持卫的裁决】蓄力。
- 你可以踩在波比的盾上，来阻止它为她提供护盾。"
https://lol.qq.com/data/info-defail.shtml?id=79,"
- 醉酒狂暴的伤害减免效果在开始引导时就会生效，因此尽量在即将受到伤害时使用它。
- 尽量使用爆破酒桶将敌人击退到你的防御塔下。
- 尽量将肉弹冲击与爆破酒桶联合使用，来为你的队伍制造杀机。","
- 古拉加斯能够用其终极必杀技击退所有人。注意不要被撞向他，或者更糟——被撞向敌方防御塔。
- 肉弹冲击的冷却时间很短，你很难追赶古拉加斯，不要过分追赶。"
https://lol.qq.com/data/info-defail.shtml?id=80,"
-【矢志不退】会在5次技能或普攻后激活——提前做好计划，可使你在战斗中激活一次以上的【矢志不退】。
先用【Q贯星长枪】消耗敌人，然后再跳过去将其处决。
如果一名敌人即将走出你的【E神佑枪阵】的范围，你可以再次施放这个技能来立刻用圣盾进行猛击。","
-潘森的【E神佑枪阵】会让他免疫来自前方的伤害。绕到他背后或者耐心等待吧。
如果你的生命值较低，就要当心潘森的靠近了——投掷版的【Q贯星长枪】会处决生命值较低的敌人。
【R大荒星陨】会在潘森抵达前的几秒作出警告。利用这段时间来跑出范围或制订一个计划来处理他。"
https://lol.qq.com/data/info-defail.shtml?id=81,"
- 使用奥术跃迁来使你的其他技能更容易命中。
- 你可以将伊泽瑞尔作为一个物理系后期或者法系后期来玩，这取决于你如何升级技能和出装备。
- 你可以施放精准弹幕来攻击多波小兵，甚至怪物。","
- 伊泽瑞尔很脆弱，你可以优先攻击他。
- 伊泽瑞尔完全凭借技能攻击，你可以躲在小兵旁边，利用小兵来躲避他的技能。
- 秘术射击可以附带攻击特效，包括召唤师峡谷中绯红印记树怪的增益（燃烧+减速）。"
https://lol.qq.com/data/info-defail.shtml?id=82,"
-你的防守手段就是进攻。保持不停战斗来积攒更厚的【不坏之身】护盾。
用相同技能命中多个英雄，能有助于快速激活【黑暗起兮】。
对低血量的敌人使用【轮回绝境】可以确保击杀并将其属性保持到打完一场团战。","
-莫德凯撒在与英雄作战时会积攒一个强力的伤害光环，所以尽量与他保持距离。
他造成的伤害能够转化为一层厚实的护盾，并且消耗它来治疗生命值。
【轮回绝境】将使你与你的队友们彻底隔开。一旦如此，尽量留着机动技能来逃离莫德凯撒的魔掌。"
https://lol.qq.com/data/info-defail.shtml?id=83,"
- 你不需要施放【唤醒】来重新获得施放【临终仪式】的能力。
- 室女将会协助你进行战斗，所以要明智地选择你的目标。
- 你可以让室女去单带一路，但要慎重，因为她是你战斗力的重要组成部分。","
- 你可以对雾行者和迷雾室女使用惩戒，来造成伤害或直接击杀。
- 尽量削减约里克的仆从数量，然后再跟他交战。只需要一次普攻或一个单体技能就能解决掉一个雾行者。
- 你可以攻击【暗灵缠身】来将墙体打破。"
https://lol.qq.com/data/info-defail.shtml?id=84,"
- 阿卡丽善于击杀脆皮英雄。让你的团队发起先手，然后你从敌人后方发起攻击。
- 【W我流奥义！霞阵】即使在最危险的情境下，都可为她提供保护。利用那段持续时间来积蓄能量值然后发起一记快速袭击。","
- 阿卡丽在被【W我流奥义！霞阵】所遮蔽时，仍然会被范围伤害技能所击中。这么做的话会暂时显形她的位置。
- 阿卡丽的【Q我流奥义！寒影】非常强大，前提是要在最大距离和最大能量时使用。在她能量值较低时与她交战，即可最大化你的胜算。
- 当你的生命值很低而阿卡丽的终极技能尚未交出时，请尽快撤回基地。"
https://lol.qq.com/data/info-defail.shtml?id=85,"
- 你可以叠加3枚【忍法！雷缚印】来晕眩你的对手。
- 【E奥义！雷铠】可以用来切入战场，因为击中敌人所带来的能量回复可以使他稍后使用其他技能。
- 你可以用【Q奥义！千鸟】向对手发起第一段的【忍法！雷缚印】效果，然后再释放【W奥义！电刃】。","
- 当你有【忍法！雷缚印】减益时，在凯南附近要小心。如果你身上的【忍法！雷缚印】到达3层，就会被晕眩。
- 凯南的小身板很脆弱——如果他轻易地交掉了【E奥义！雷铠】，那么就可以对他发起攻势了。"
https://lol.qq.com/data/info-defail.shtml?id=86,"
- 如果盖伦能持续几秒不受到攻击，那么他的生命回复将大大增加。
- 如果【审判】的范围只有一个敌人，那么它就能造成最大伤害值。为了有效率地换血，走位时请尽量确保【审判】的范围内只有一个敌方英雄。
- 盖伦只受到冷却时间的限制，【黑色切割者】等物品对他极其有效。","
- 堆护甲可以有效减少盖伦大量的物理输出。
- 当你的生命值偏低时，尽可能躲避盖伦，因为他的【德玛西亚正义】能够很快地斩杀你。
- 在攻击草丛中的盖伦时要小心，因为你会受到审判技能造成的全额伤害。
- 【审判】只会在攻击单个目标时造成最大伤害。如果无法走出该技能的范围，就穿过友方小兵来降低所受伤害。"
https://lol.qq.com/data/info-defail.shtml?id=89,"
- 带头冲锋，在友军攻击目标前用日光标记目标。
- 破晓之盾和天顶之刃的连招具有强劲的攻击力。
- 日蚀的伤害很大，但你必须在敌人附近才能持续其效果。","
- 当蕾欧娜释放日蚀时，你有3秒的时间躲避其造成的伤害。
- 只有位于日炎耀斑效果范围正中的敌人才会被晕眩，如果你跑得快可以避免被晕。"
https://lol.qq.com/data/info-defail.shtml?id=90,"
- 把【W虚空虫群】留到附近有敌人可供虚灵攻击或击杀时使用。
- 使用【Q虚空召唤】和【R冥府之握】来刷新敌人身上的【E煞星幻象】的持续时间。
- 在对线中避免受伤可以最大化【虚空穿越】的覆盖时长，从而显著提升玛尔扎哈的生存能力。","
- 当玛尔扎哈用技能命中了一个感染了【E煞星幻象】的敌人时，【E煞星幻象】的持续时间会得到刷新。
- 要离那些中了【E煞星幻象】的小兵们远一点，以免它们身上的幻象传递到你身上。
- 积累【W虚空虫群】时的玛尔扎哈是极其危险的。"
https://lol.qq.com/data/info-defail.shtml?id=91,"
- 【E刺客之道】可用来抄敌人的后路，来为【Q诺克萨斯式外交】的近战攻击营造施放条件。
- 暗影突袭是很强的逃生技能，但也可以用来对敌方团队发起攻势。
- 作战前先选好目标，将所有技能都集中在一个目标身上效果甚佳，但是如果将技能分散用于多个目标，则会收效甚微。","
- 泰隆的攻击都是物理伤害。尽早出护甲装备，来对抗他的爆发伤害。
- 泰隆极其依赖暗影突袭来逃离战斗。当暗影突袭处于冷却状态时，将更易于被集火。
- 泰隆有着无与伦比的游走能力。确保能够时刻追踪到他的位置，或是通过进攻性的推线来迫使他呆在线上。"
https://lol.qq.com/data/info-defail.shtml?id=92,"
- 锐雯的折翼之舞会朝着你在施法时的鼠标悬停位置施放。如果你想用这招穿插你的敌人，请确保你的敌人们处在锐雯和你的鼠标悬停位置之间。
- 锐雯血少防低，但作为补偿，她的连招爆发很高。折翼之舞和震魂怒吼可以用来切入战斗，勇往直前可以用来逃跑和反骚扰。","
- 锐雯的机动性非常出色，但单个技能不能使她移动得太远。在技能间隙使用束缚/沉默会极大削减她的影响。
- 锐雯的所有伤害都是物理伤害，如果对面的锐雯已经失控了，那么优先堆护甲。
- 锐雯擅长同时对付多个近战，如果要联手对付她，请在她放完她的整套连招前不要都进入肉搏范围。"
https://lol.qq.com/data/info-defail.shtml?id=96,"
- 克格莫使用【W生化弹幕】时，其射程比大多数英雄都远。
- 在【E虚空淤泥】的帮助下可以施放一个完美的【R活体大炮】。
- 用【来自艾卡西亚的惊喜】来对尽可能多的敌人造成伤害。","
- 克格莫没有好的逃生技能，因此他是一个好的攻击/gank对象。
- 在克格莫死后要远离他！
- 活体大炮的射程随着技能等级增加。
- 克格莫极易用生化秘法弹雾杀死纳什男爵。若克格莫已经购买破败王者之刃，插眼防止其偷杀男爵是很有用的。"
https://lol.qq.com/data/info-defail.shtml?id=98,"
- 密切留意队友们，并且准备好用你的终极技能拯救他们。
- 你的能量是可以持续快速恢复的，所以可以利用这点在与使用法力的英雄们对线时逐渐积累优势。","
- 准备好躲避慎的嘲讽，并在他失误时予以反击。
- 一旦慎到达了6级，就要留意他用全图传送终极技能快速扭转局部战斗的局势。"
https://lol.qq.com/data/info-defail.shtml?id=99,"
- 拉克丝有强大的区域控制技能，使用透光奇点来阻止敌人的前进或逃跑。
- 如果你不能很好的施放曲光屏障, 要切记它达到最大射程后会返回。 试着利用返回的曲光屏障保护友军。
- 透光奇点是很好的侦查工具，在进入草丛前用它来侦查草丛里的埋伏。","
- 拉克丝有多个强大的区域控制技能。试着分散并从不同方向攻击，这样她就无法锁定某个特定区域。
- 当你贫血撤退时，要时刻准备躲避拉克丝的终极闪光。会有一束先于主光束的红色激光，所以看到红光时尽可能地横向躲避。"
https://lol.qq.com/data/info-defail.shtml?id=101,"
-在敌人奔向或逃离你时施放【Q奥能脉冲】，命中率会比在敌人贴住你时高。
-【W毁灭之眼】能让目标减速，有助于【Q奥能脉冲】的命中。
-一旦你用【E冲击法球】命中了一名敌方英雄，就必定可以用【W毁灭之眼】的中心区域来命中敌人。","
- 泽拉斯的施法距离非常惊人，但只要被靠近了拼消耗的话，大部分英雄都可以从他身上占到便宜。
- 泽拉斯启动【R奥术仪式】需要一段很长的时间。留意他的施法动画，然后就愉快地躲技能吧。
- 【女妖面纱】将会使泽拉斯更难用【E冲击法球】对你发动连招。"
https://lol.qq.com/data/info-defail.shtml?id=102,"
- 希瓦娜的攻击能够给她的全部技能带来好处。提供攻击速度的装备对于她而言比其他英雄更有价值。
- 【E烈焰吐息】在混线时非常值得投入点数。
- 【W烈火燎原】是打野的理想选择。野怪会受到完整持续时间的打击，并且该技能的移动速度加成能够增强她的抓人能力。
- 购买一个能够减速的装备非常有用：【冰霜之锤】，【亡者的板甲】或者【冰霜战锤】。","
- 值得注意的是，希瓦娜的威力通过进攻产生，使她在对抗能够与她保持一定距离的敌人时非常吃力。
- 希瓦娜的所有基础技能在魔龙形态下都能攻击多个敌人。因此，在与她作战时不要聚成一团。
- 在怒气槽蓄满时，希瓦娜就能使用终极技能了。在她的怒气很低时对她进行压制会非常有效。"
https://lol.qq.com/data/info-defail.shtml?id=103,"
- 用【魅惑妖术】来启动你的连招，它将会使【欺诈宝珠】和【妖异狐火】更容易命中敌人。
- 在团战中用魅惑妖术先手，并用【灵魄突袭】追击落单的敌人。
- 【灵魄突袭】能够为阿狸的其它技能创造机会，它可以为【魅惑妖术】清出一条路，有助于让【欺诈宝珠】来回命中敌人两次，并且突进到敌人身边可以让【妖异狐火】更易选中目标。","
- 在终极技能【灵魄突袭】进入冷却阶段后，阿狸的生存能力可谓低得令人发指。
- 呆在小兵后面，来让【魅惑妖术】难以命中，能够显著地降低阿狸潜在的爆发伤害。"
https://lol.qq.com/data/info-defail.shtml?id=104,"
- 【W烟幕弹】既可以用来逃命，也可以用来杀人。
- 可以用【E快速拔枪】来接近敌人，然后用【Q大号铅弹】来造成巨额的伤害。","
- 格雷福斯主要造成物理伤害，所以护甲是一个非常有效的反制手段。
- 离开烟幕弹的作用范围，能使烟幕弹作用于你的有害效果立刻消失。"
https://lol.qq.com/data/info-defail.shtml?id=105,"
- 菲兹在移动时能无视单位的碰撞体积，可以跨过小兵直取敌方英雄，并用你的【W海石三叉戟】的被动效果戳他——然后在几秒后开启主动效果继续戳。
- 菲兹的终极技能，【R巨鲨强袭】，能够朝着一名敌人施放，或者朝着敌人即将走过的区域施放。
- 菲兹的技能伤害会受到法术强度的加成——在面对高爆发队伍的威胁时，可以考虑购买【中娅沙漏】或【女妖面纱】——并且如果你有信心不靠生命值加成提供的生存能力的话，可以选择【灭世者的死亡之帽】或【巫妖之祸】。","
- 在菲兹使用他的强化攻击后的几秒里，菲兹的攻击会变得非常致命——在他的三叉戟带着闪光时，离他远一点！
- 在技能全齐的菲兹是个难以捉摸的目标——引诱他提前交出技能然后用控制或者高爆发技能好好教训他！"
https://lol.qq.com/data/info-defail.shtml?id=106,,
https://lol.qq.com/data/info-defail.shtml?id=107,"
- 在团战和遭遇战里，用雷恩加尔的终极技能来找到并刺杀高优先级的敌方英雄。
- 雷恩加尔的大部分威力来自他在恰当时机所使用的强化技能，请明智地作出选择！
- 在追杀对方时，要多穿越草丛，来发挥雷恩加尔被动技能的优势。","
- 在雷恩加尔的资源槽全满时，他的技能会获得一次强化。尽量在他的资源槽较低时与他对抗。
- 雷恩加尔的被动技能能让他从草丛跳出，避免在草丛附近与他作战。
- 在终极技能的伪装期间内，雷恩加尔会找出距离他最近的敌方英雄。"
https://lol.qq.com/data/info-defail.shtml?id=110,"
- 尽早点出枯萎箭袋，有助于压制敌方英雄，以及补刀。
- 在近距离的战斗中，快速地放出穿刺之箭有时会更好一些，而不需要每次都把它蓄满之后再放。
- 试着利用穿刺之箭的超长射程来在开战前获取优势，或者在敌人逃跑时进行狙杀。","
- 如果你被施加了枯萎效果，那么韦鲁斯的技能就会对你造成额外伤害。
- 当韦鲁斯获得击杀或助攻时，他的攻击速度就会暂时得到提高，因而变得更加危险。
- 如果你被韦鲁斯的终极技能“腐败锁链”的一条藤蔓所碰到，那么你就会被禁锢在原地。只要保持距离，不让藤蔓碰到你，就能让它自然死亡。"
https://lol.qq.com/data/info-defail.shtml?id=111,"
- 在抓人的时候，可以用【Q疏通航道】来瞄准附近的地形，接着使用【E暗流涌动】，以获取更高的命中率。
- 【E暗流涌动】生效比较慢——你可以利用这点在逃命的同时给敌人来个下马威。","
- 如果诺提勒斯贴着你放【E暗流涌动】的话，最好先呆在原地一段时间再逃跑。逃得太早的话，会跑到第二阶段的爆炸区域，使你受到额外的伤害以及减速效果。
- 当诺提勒斯套上护盾后，他就可以用普通攻击来输出巨额的范围伤害——如果有时间的话，不妨优先打掉他的护盾。"
https://lol.qq.com/data/info-defail.shtml?id=112,"
- 【E死亡射线】是一个给力的磨血技能，以及强大的区域封锁工具。将它与【W重力场】组合使用，来控制敌人的走位。
- 确保你在正确的时刻选择了正确的技能增强。","
- 要时刻注意维克托与你的距离。离对手越近，维克托的控场能力就越强。
- 要注意维克托升级了哪些技能，你可以通过他手杖的颜色来识别（紫，黄，蓝，红）。"
https://lol.qq.com/data/info-defail.shtml?id=113,"
- 【Q极寒突袭】可用来逃离恶劣处境，打断引导技能或追杀逃亡者。
- 近战友军可以帮你的【E永冻领域】堆叠霜冻层数，要留意他们都在攻击谁。
- 在小型团战时，最好把【R极冰寒狱】留到附近有队友一起创造优势时再施放。","
- 躲掉【Q极寒突袭】和【R极冰寒狱】可以带给你巨大的优势。
- 注意躲掉【W凛冬之怒】的第二次挥击，因为这次挥击会造成爆发性的伤害。
- 近战敌人也可以为瑟庄妮堆叠霜冻效果，要小心地与它们周旋。"
https://lol.qq.com/data/info-defail.shtml?id=114,"
- 在【决斗之舞】的帮助下，菲奥娜特别擅长进行快速换血。攻击破绽后的移动速度加成，既能用来毫发无伤地逃离，又能用来发起下次攻击。
- 菲奥娜的【无双挑战】非常有用，甚至能帮她解决那些最为坚挺的对手，并在成功后提供恢复效果，所以，不要在攻击敌人的前排英雄时犹豫不决。","
- 【决斗之舞】会显示出菲奥娜将要尝试对你进行攻击的地方，所以准备好在她尝试时教训她。
- 在对菲奥娜施放禁锢类技能时要特别小心。如果她的【劳伦特心眼刀】还在可用状态，那么她就能将这类技能的效果反过来对付你。"
https://lol.qq.com/data/info-defail.shtml?id=115,"
- 即使远离团战发生地，你也可以在远处用【R科学的地狱火炮】来帮助队友。
- 用【E海克斯爆破雷区】来减速你的敌人，会使你的其它技能更易命中。
- 用【W定点爆破】来穿墙，可以在追杀或逃命时如虎添翼。","
- 别踩到吉格斯的地雷上！它们会使你减速，并且会让吉格斯的其它技能更易命中你。
- 吉格斯的很多技能冷却时间都很长。可以在他刚用过技能时发起攻击。
- 吉格斯的终极技能，科学的地狱火炮，会在爆炸的中心区域造成更多伤害。"
https://lol.qq.com/data/info-defail.shtml?id=117,"
-【闪耀长枪】可以从古怪的角度发射出去，而这取决于你的指针位置——让你的指针靠近皮克斯和璐璐，会使它的作用范围发生极大改变。
- 可以将【奇思妙想】用在法师身上，以获取法强加成，将【帮忙，皮克斯！】用在射手身上，以使皮克斯的飞弹扔得更频繁，将【狂野生长】用在坦克或战士身上，以强化先手能力。","
- 璐璐的仙灵所发出的飞弹可以被拦截——躲在你的小兵后面，来躲避仙灵额外的攻击。
- 璐璐特别擅长抓对手的失误。不要给她任何机会！要不断地压制，并将她和她的搭档一起赶出经验区。"
https://lol.qq.com/data/info-defail.shtml?id=119,"
- 如果德莱文呆在原地不动，旋转飞斧将会掉落在他所在的位置附近。也许会直接落到他身上，也许会在左边或右边。
- 如果德莱文在攻击之后移动，旋转飞斧会朝着他移动的方向进行移动。利用这点来控制旋转飞斧的轨迹。","
- 朝着德莱文旋转飞斧即将着陆的位置施放技巧射击。
- 干扰德莱文，让他丢掉他的斧头。如果你做到了，那么他的战斗力会显著降低。"
https://lol.qq.com/data/info-defail.shtml?id=120,"
- 【W恐惧之灵】会在周围敌人受到伤害时恢复赫卡里姆的生命值，即使这些伤害是赫卡里姆的队友造成的。在大型团战中施放这个技能，可以最大化地提升赫卡里姆的生存能力。
- 【E毁灭冲锋】会根据移动的距离来输出更多的伤害。试着使用【R暗影冲击】或者诸如【幽灵疾步】或【闪现】等召唤师技能来最大化此技能的伤害。","
- 赫卡里姆可以凭借着恐惧之灵从附近敌人身上吸取生命值，但是不太抗揍，把爆发技能扔给他吧！
- 赫卡里姆的终极技能可以让敌人惊慌失措地逃命。在团战时尽量分散，以削弱他的战斗力。"
https://lol.qq.com/data/info-defail.shtml?id=121,"
- 在身旁一段距离内没有任何友军的敌人可以被视为孤立无援。【Q品尝恐惧】会显著提升对这些目标的伤害。
- 【无形恐惧】会在卡兹克不被敌方队伍看见时激活。可以利用草丛或者【R虚空来袭】重复激活它。别忘了用普通攻击来给敌方英雄施加【无形恐惧】的效果。
- 卡兹克在选择作战地点和作战时机方面有着极大的自由。谨慎地参加团战，从而获取胜利。","
- 【Q品尝恐惧】会对孤立无援的目标造成额外伤害。在友军小兵，英雄或防御塔附近战斗，以获取优势。
- 【E跃击】和【R虚空来袭】的冷却时间很长。在它们尚未冷却完毕时，卡兹克的逃生能力会大减。"
https://lol.qq.com/data/info-defail.shtml?id=122,"
- 【大杀四方】是一个非常强力的压制技能。用它的最大作用距离打击敌人时，效果是最好的 。
- 你对目标施加的【出血】效果越多，【诺克萨斯断头台】的伤害越高。使用【诺克萨斯之力】来造成最大伤害。
- 提高生存能力可以让德莱厄斯获得极大的收益。战斗持续得越久，他就变得越强力。","
- 当德莱厄斯的无情铁手处于冷却过程中时，你可以轻易地对他进行压制。
- 德莱厄斯的脱战能力极度有限。如果你在对抗他时占据了优势，就将他拖进你的节奏吧。"
https://lol.qq.com/data/info-defail.shtml?id=126,"
- 要记得频繁地切换姿态。这么做会强化你的攻击，并使你的移动速度得到爆发性提高。
- 如果你发现自己正在承受大量伤害，请切换到杰斯的锤形态，它会为你提供防御属性加成。
- 试着让电能震荡穿过加速之门，来获得射程和伤害的提升。","
- 杰斯可以在近战攻击与远程攻击之间自由切换。注意观察他的姿态和武器颜色，以获悉他的攻击方式。
- 如果你看到杰斯扔出了他的加速之门，就得小心了，因为他很有可能施放电能震荡。
- 杰斯在前期很强。如果他获得了优势，你们最好打得保守一点。"
https://lol.qq.com/data/info-defail.shtml?id=127,"
- 你可以通过智能自我施法键和终极技能快捷键（默认为alt+R）来立刻将终极技能用在自己身上。
- 施放冰川之径后，朝着相反的方向跑，就能让你的敌人摸不清你到底要走哪边。
- 丽桑卓的技能范围要比大部分法师短。因此，要购买那些法术强度和生存属性兼备的装备，比如中娅沙漏和深渊面具，就能非常好地帮助她输出伤害的同时存活下去。","
- 阻止丽桑卓使用冰川之径的最佳方式，就是在她再次激活这招之前将她束缚住。
- 丽桑卓的冰霜之环没有点满之前，冷却时间会较长；所以要尽量在冰霜之环尚未冷却完毕时与她交战。
- 丽桑卓的寒冰碎片只会减速命中的第一个目标。跟在我方小兵后面，就可以在靠近她时避免被减速的风险。"
https://lol.qq.com/data/info-defail.shtml?id=131,"
- 新月打击的命中是至关重要的，但没命中的话也别太担心。它的冷却时间很短，而且法力消耗很低。
- 要想一想，什么时候要施放不带月光效果的月神冲刺，什么时候要等待另一发新月打击。
- 使用月之降临和月神冲刺来贴住目标，并激活月银之刃来获取额外伤害。","
- 躲开新月打击，或者在你被施加了月光效果时，移动到安全位置。
- 苍白之瀑的法球只能持续几秒。先无视她，然后在她的护盾消逝后再与她交火。
- 即使黛安娜不将月神冲刺与月光效果结合使用，她也可以打得非常有侵略性，但你可以在她没办法往回走的时候，用减速或者晕眩来教训她。"
https://lol.qq.com/data/info-defail.shtml?id=133,"
- 攻击一个由华洛标记的
易损
目标将让侵扰进入冷却阶段。越快消耗掉侵扰的印记，就能越快获得新的侵扰印记。
- 【E旋翔掠杀】非常厉害，但使用的时候要特别谨慎，因为敌人可以在奎因发起攻势时攻击她。如果你背靠墙壁的话，有时也可以用【E旋翔掠杀】来跨越地形。
- 【R深入敌后】有多种用法：快速进行长距离跑位、满地图打钱、或是追杀受伤的目标。","
- 在被标记后，要与奎因保持距离，这样她就不能占到便宜了。
- 密切注意奎因的位置。【R深入敌后】可以招出华洛来急速穿越地图，并且发起让你意想不到的攻击。
- 在奎因使用【R深入敌后】时，对她造成伤害就可以暂时移除她的移动速度加成。"
https://lol.qq.com/data/info-defail.shtml?id=134,"
- 为了最大化你的终极技能伤害，请在战场上存在许多暗黑法球时使用它。
- 在你用驱使念力命中一名敌方英雄后，接一发暗黑法球，可以让目标英雄被减速，并让目标难受一阵子。
- 尽快将一个小技能升到5级，然后该技能就能获得额外效果了。","
- 在与辛德拉对抗时，尽早购买鞋子，能帮你躲避她的大多数技能。
- 在辛德拉交出弱者退散后攻击她，因为弱者退散的冷却时间很长，所以她在这个时候毫无保命能力。
- 辛德拉的技能会在升至满级后获得额外效果，并且外观也会改变。"
https://lol.qq.com/data/info-defail.shtml?id=136,"
- 你可以在使用【E星流横溢】带着【Q星河急涌】的星核一起飞行，从而让星核的爆炸范围得到可观的增长。
- 如果需要的话，可把【R星弦高落】留给敌方的近战英雄——除此之外，你也可以从远处利用它的减速效果来开团。
- 【E星流横溢】可让你在地图上快速地移动；多多利用它来对其它路线施加压力。","
- 尽量突破到他的星轨之内，这样他的护体行星就不会伤害到你了。
- 他的护体行星会在被晕眩或被沉默时消失，多多利用这点来捕捉开战的良机。
- 他会在沿直线追击时获得移动速度加成，但只要对他施加了伤害，就会让他的移速加成重置。
- 他的【Q星河急涌】的爆炸范围可以增长到极其可怕的程度——千万不要在一个地方逗留太久！"
https://lol.qq.com/data/info-defail.shtml?id=141,"
-在选择你的形态之前，要看好己方队伍和敌方队伍的阵容构成。
记住，附近的敌人可以看到你在哪个墙体内。","
- 【裂舍影】需要凯隐先对目标造成伤害。尽量躲过【利刃纵贯】来防止他从远处施放【裂舍影】。
- 当凯隐在你附近的地形中时，你可以在他所在的地形边缘收到一个视觉警告。
在凯隐处于【掠影步】状态下对他造成伤害，可缩短该状态的持续时间，或对他施加硬控效果（晕眩，魅惑，击飞等）来立刻终结【掠影步】状态。"
https://lol.qq.com/data/info-defail.shtml?id=142,"
-佐伊的【Q飞星乱入】能基于小星星已飞过的路程而造成更多伤害。朝你背后施放然后使它重新导向，就能造成成吨的伤害。
要用你最强的伤害来源来打醒目标，因为昏睡中的敌人会受到双倍伤害。
【E催眠气泡】可以越过墙体。找个地方藏起来，以便让你能从远处发起夺命攻势。","
-佐伊的【Q飞星乱入】能基于小星星已飞过的路程而造成更多伤害。
佐伊在施放【R折返跃迁】后必须回到她的初始地点，而这个特性让她容易遭到反制。
【E催眠气泡】可以越过墙体。阻止佐伊隐藏在战争迷雾中，以防止她从暗中发起攻势。"
https://lol.qq.com/data/info-defail.shtml?id=143,"
- 在你的技能施放之后，再往你的技能路径上播下种子，可以确保你的种子能够百分百变成植物。
- 种子可以为你的队伍提供视野，请好好利用。
- 婕拉是一个出色的伏击手——寻找时机，然后在草丛里布下陷阱，再诱引敌人进来。","
- 你可以通过踩掉婕拉的种子来摧毁它们。如果她想在你要这么做时把种子长成植物，那么就在最后关头撤退。
- 如果婕拉把植物放在过于远离她自己的地方，贴到她身边将是个明智的举动。
- 植物会从攻击和效果中受到固定伤害，类似守卫。它们本身也会快速消亡。
- 把战斗转移到一个不同的地方，就能让婕拉无法有效利用她积累的种子。
- 婕拉的【W狂野生长】所播下的种子更大一些，颜色也有所不同，并且会为她的团队提供小幅视野。"
https://lol.qq.com/data/info-defail.shtml?id=145,"
-尝试抓住对方落单的输出，并用艾卡西亚暴雨来将其轰杀。
与你的队友一起发动你的终极技能，并利用你的被动来充分输出伤害。
确保购买那些能够至少进化你1到2个技能的装备。","
-卡莎非常善于带走落单的敌人。要对付她就得保持抱团。
卡莎很容易就会在对抗法师和超远程输出时陷入射程劣势。
请时刻保证自己已在盲区布置了守卫，这样一来就能看到卡莎的到来了。"
https://lol.qq.com/data/info-defail.shtml?id=147,,
https://lol.qq.com/data/info-defail.shtml?id=150,"
- 掌握好你的怒气，是非常重要的。尽量掌握好你的变形时机，来让你能从两个形态中获得最大的收益。
- 靠着墙边走位，来引诱你的敌人靠近，然后用终极技能把他们震晕在墙上。
- 要了解你的强项！小型纳尔快速但脆弱，能够输出高额持续伤害。巨型纳尔迟缓但结实，并能输出高额爆发伤害。","
- 纳尔在从大变小后的15秒里，不能获得怒气。利用这个机会来和对面开战吧。
- 纳尔的动画和资源槽会在他不断接近可变形状态时跟着改变。
- 如果你被纳尔的终极技能震到墙上，那么就会承受晕眩效果。在墙边跟他作战时，要特别小心。"
https://lol.qq.com/data/info-defail.shtml?id=154,"
- 如果你想要维持血量的话，要特别注重粘液的拾取。
- 当细胞分裂准备就绪时，尽量死在敌人难以击杀你的细胞组织的地方。
- 尽量在敌人的视野外进行橡筋弹弓的充能，好让敌人更难对它做出反应。","
- 从扎克身上分裂出去的那些粘液，可以为扎克提供治疗效果。你走到它们身上就可以踩碎它们了。
- 在扎克分裂之后，要杀掉所有的细胞组织，才能阻止他重组。
- 在扎克为他的橡筋弹弓充能时，你可以用沉默、晕眩、束缚和击飞效果来干扰他。"
https://lol.qq.com/data/info-defail.shtml?id=157,"
- 你可以将敌方小兵作为踏前斩的跳板，来追杀本已逃掉的敌人；你也可以直接突进到对方英雄身上，并将敌方小兵作为撤退时的跳板。
- 在18级时，亚索的斩钢闪只需要从装备中获取 55% 攻击速度，即可到达攻击速度上限。
- 狂风绝息斩可以对着任何浮空的目标施放，即使这个击飞效果是你的友军造成的。","
- 斩钢闪的范围非常狭窄。尽可能靠边，就能躲过这招。
- 当亚索的斩钢闪连续命中两次时，他的下次斩钢闪就会形成一道旋风。要观察他的增益栏，并且留心聆听相关音效，做好躲避这招的准备。
- 亚索在发出旋风之后最为虚弱，可以趁机逼他交战。
- 亚索的百折不屈的护盾只持续2秒。对他造成伤害即可将护盾触发。先等护盾消失，然后再开战。"
https://lol.qq.com/data/info-defail.shtml?id=161,"
- 在对线时，使用虚空裂隙来击杀小兵，同时在敌方英雄身上叠加有机体解构效果。然后你可以接其它技能。
- 侧身发射等离子裂变，并让它在最大距离处分裂，就能让这个技能命中初始施法距离之外的敌人，这也是一个值得去掌握的技巧。
- 要非常谨慎地挑选终极技能的使用时机。大部分英雄的技能都可以打断这个技能。","
- 如果在战斗中对维克兹不管不顾的话，他就会非常致命。尽量趁早将他集火掉。
- 维克兹的机动能力相当低下，因此容易被 GANK。
- 晕眩、沉默和击飞效果都可以打断维克兹的生命形态瓦解射线。"
https://lol.qq.com/data/info-defail.shtml?id=163,"
- 尝试用【W岩突】来把敌人扔到【E撒石阵】上。
- 切记，没有必要总是搭乘【R墙幔】。
- 一旦你做出【瑞莱的冰晶节杖】，朝那些正在追击你的 敌人使用【Q石穿】能够很有效地让他们为此感到后悔。","
- 当塔莉垭在线上放下【E撒石阵】时，要注意躲开她的【W岩突】。如果她把你扔到雷区中，就会有各种石头来打断你的骨头。
- 塔莉垭的【Q石穿】会朝一个方向锁定。如果她对你使用这个技能，就要尽快躲到边上去！"
https://lol.qq.com/data/info-defail.shtml?id=164,"
- 尽量先等你的队友吸引敌方队伍的注意力，然后再用【E钩索】接近敌方脆弱的后排英雄们。
- 利用好你技能的控制效果，从而让你的【Q精准礼仪】的两段攻击都能打到敌人身上。","
- 卡蜜尔的护盾只能对一种伤害类型生效，所以尽量趁她无法抵挡你的伤害时对她发起攻击。
- 【R海克斯最后通牒】的施放距离很短，所以尽量与她保持距离，并在她接近你之前就闪现逃开。"
https://lol.qq.com/data/info-defail.shtml?id=201,"
- 和你的队友一起叠加【震荡猛击】效果，鼓励他们对被标记的目标进行普攻。
- 你可以用【坚不可摧】跳到脆皮队友的前方，然后为他们阻挡敌方的飞行道具。
- 【冰川裂隙】会生成一块强大的减速区域，你可以利用它来分割敌方阵形，并减缓敌方进入战场的速度。","
- 布隆必须用【寒冬之咬】或普攻来施加第一层【震荡猛击】效果。如果你被标记了，那就在承受另外的3次攻击之前退出战斗区域，从而避免被击晕。
- 布隆的终极技能施法时间较长，利用这段时间来躲避。这个技能造成的冻结地面会使你被减速，因此如果你不是那么迫切地需要踩过去，那么你可以用谨慎的走位来应对。
- 【坚不可摧】会为布隆提供超强的定向防御力，所以要么就绕到侧面，要么就先等他把盾牌放下去。"
https://lol.qq.com/data/info-defail.shtml?id=202,"
- 【W致命华彩】有着难以置信的超远射程。在加入一场战斗之前，先观察下前方是否有能被你禁锢的敌人。
- 对方的生命值越高，你的终极技能造成的伤害值越低。好好观察局势，找机会送那些残血的敌人上路。
- 你在装弹时仍然可以施放技能。利用技能来撑过装弹时的脆弱期。","
- 【W致命华彩】只会禁锢那些在前4秒被烬的普攻、陷阱、或友方英雄给命中的敌人。
- 烬会在地图各处放置陷阱。当心你的脚下！
- 烬的攻击非常强力，但他会在射出第四发子弹后装填子弹。利用这段时间接近他并将他轰趴。"
https://lol.qq.com/data/info-defail.shtml?id=203,"
-在打野时，利用攻击间隔进行移动，会有助于你避免受伤并从【W狼灵狂热】中获得更多治疗效果。
-要谨慎地挑选你想要追杀的狩猎目标；尽可能多地干掉狩猎目标，是通向胜利的关键。
-在大型团战中，不要冲在第一个。等你的队友开团后再加入战斗。","
-千珏是个脆皮英雄——对他们施加压力，他们就会被迫小心翼翼。
-抢掉被狼灵标记的野怪营地，会延缓千珏的伤害输出。
-当千珏使用【R羊灵生息】时，范围内的所有英雄都不会死亡，要注意并利用好这一点。"
https://lol.qq.com/data/info-defail.shtml?id=222,"
- 火箭并不总是最佳选择！金克丝的轻机枪在预热完毕后，也拥有难以置信的威力。当敌方英雄快要抓到你时，就换成轻机枪射个痛快吧！
- 金克丝的火箭会对爆炸范围内的所有敌人造成完全伤害。在对线时，可以朝小兵发射火箭来溅射附近的敌方英雄，并且还不会吸引小兵的仇恨。
- 当战斗开始时，尽量呆在交战区域的边缘位置，用火箭和震荡电磁波来从远处轰击对手。除非你觉得己方优势很明显，否则不要跑上前去用轻机枪扫射。","
- 金克丝的轻机枪需要花费时间来预热，才能发挥全部实力。如果你看到她在远处发射火箭，就要尽量突进过去将她放倒。
- 你离金克丝越近，她的终极技能对你造成的伤害值就越低。
- 金克丝的陷阱手雷的冷却时间很长，并且是她的主要防身武器。如果手雷没扔中敌人，就会在交战时陷入困境。"
https://lol.qq.com/data/info-defail.shtml?id=223,"
-在辅助时，你最重要的一个功能就是把脆皮友军带到安全的地方。要注意【大快朵颐】的距离和冷却时间，并进行相应的走位！
-在使用【厚实表皮】时要谨慎考虑。有的时候，提早获得护盾来避免深度伤害是不错的，但有的时候，治疗效果的好处更大。","
-当你看到塔姆使用【厚实表皮】获取护盾时，要记住他是以无法获得这个技能的治疗效果为代价的。只有在【厚实表皮】冷却完毕后，他才会积累新的灰色生命值。利用这点来创造优势吧！
-如果塔姆通过喷吐小兵来骚扰你，那么可以在他喷吐后尝试反击。他的【大快朵颐】这时还未冷却完毕，因此你可以趁他无法吞噬你时赚取一些优势。"
https://lol.qq.com/data/info-defail.shtml?id=234,,
https://lol.qq.com/data/info-defail.shtml?id=235,,
https://lol.qq.com/data/info-defail.shtml?id=236,"
- 最为理想的爆发连招是冷酷追击接透体圣光。
- 热诚烈弹会呈星形爆炸。试着找一个前置目标，然后用爆炸后的流弹命中敌方英雄。
- 一旦你为圣枪洗礼选择了一个角度，你就不能再改了。等时机成熟了再出手！
- 由于被动技能“圣枪银弹”，卢锡安从攻击力中获得的收益要比从攻击速度中获得的收益还多得多。","
- 卢锡安的爆发伤害很高，但持续伤害比较低。
- 卢锡安不能改变圣枪洗礼的瞄准方向。躲过子弹的角度就能获得优势。
- 透体圣光不会给卢锡安额外的攻击距离。他仍然需要寻找一个目标来触发圣光。注意预判卢锡安将会选择的角度，就会比较容易躲掉透体圣光。"
https://lol.qq.com/data/info-defail.shtml?id=238,"
- 在你使用终极技能之前，要攒好能量和技能冷却，以最大化【R禁奥义！瞬狱影杀阵】的伤害输出。
- 快速双击【W影奥义！分身】，将会让劫立刻传送到影分身的位置，从而快速逃生。
- 在使用死亡印记前使用一次【W影奥义！分身】，能够让劫安全地从战斗中逃脱。","
- 提升攻击力的装备能提升劫的整体输出，因此在对抗劫时，护甲的作用将非常明显。
- 在劫使用了他的【W影奥义！分身】之后，他将陷入最无力的状态，因为他的伤害、减速、和机动性都依靠这个技能。
- 劫的【Q影奥义！诸刃】如果在命中敌方英雄之前，穿过了其它单位的话，那么它的伤害值会降低。
- 只有中了劫的影分身的【E影奥义！鬼斩】才会被减速，而中了劫的【E影奥义！鬼斩】则不会。"
https://lol.qq.com/data/info-defail.shtml?id=240,"
- 克烈可通过击杀小兵来产生一些勇气，但会在与英雄作战时产生更多。
- 【W暴烈秉性】的最后一次命中会造成比前三次命中更多的伤害——一定要打中喔！
- 【R冲啊——！！！】的施放距离非常可观。试着预判敌方队伍的走位，以便你能驾着斯嘎尔狠狠教训他们一番。","
- 克烈可通过以下方式产生勇气：1.用他的随身手枪和普攻对敌人造成伤害。2.击杀小兵。3.攻击建筑物或史诗级野怪。
- 在克烈处于非骑乘状态下时，要注意观察他的勇气槽——当勇气槽到达100%时，他就会重回骑乘状态并回复可观的生命值。
- 在克烈的【W暴烈秉性】准备就绪时，他会更有威胁性。"
https://lol.qq.com/data/info-defail.shtml?id=245,"
- 【R时空断裂】是一个有效的逃生手段，但它在用来进攻时也会非常给力。
- 如果你能够在一名敌方英雄身上触发【Z型驱动共振】，那么即使要承担一定风险也非常值得一试。它所提供的移速加成会让你轻松脱身。
- 【E相位俯冲】的位移是个非常好的起手技能，能让你轻松连上艾克的其它技能。用它来让【Q时间卷曲器】完成双次命中，或者达到【W时光交错】的引爆范围。","
- 艾克在终极技能没冷却的时候非常弱。要注意他留在身后的痕迹，来判断他的终极技能是否可用。
- 艾克的晕眩区域需要布置3秒。看好他在施法时创造的幻象，并试着猜一下那个区域放在哪个地方了。
- 时间卷曲器的第二次攻击造成的伤害比第一次更多；尽量避开它。"
https://lol.qq.com/data/info-defail.shtml?id=246,,
https://lol.qq.com/data/info-defail.shtml?id=254,"
- 一记完全充能的【Q强能冲拳】会造成双倍伤害。它在追击并了结溃散的敌人时非常有效。
- 【E透体之劲】会对冲击波里的任何人造成全额伤害。用它来攻击敌方小兵，从而击中躲在小兵身后的敌方英雄。
- 【R天霸横空烈轰】是一个强大的先手手段，只要记得别把剩余的队友远远甩在身后就好。","
- 一记完全充能的【Q强能冲拳】会造成双倍伤害，如果你看到蔚开始蓄力了，你应该后撤，或者尝试躲掉它。
- 如果蔚连续击中你三次，她会击碎你的护甲并获得攻击速度加成。尽量不要在大型械斗中和她接战。
- 蔚会在使用终极技能时免疫控制效果。记得把你的位移技能留到她的冲锋完成之后使用。"
https://lol.qq.com/data/info-defail.shtml?id=266,"
-在施放【暗裔利刃】时使用【暗影冲决】可提升你命中敌人的几率。
诸如【恶火束链】或你友军的定身效果等控制技能，将有助于你【暗裔利刃】的起手。
在你确保能够逼迫对方一战时施放【大灭】。","
-亚托克斯的攻击非常具有波段性，所以要利用好时间来规避他的命中区域。
亚托克斯的【恶火束链】在朝着边界或亚托克斯奔跑时会更容易离开。
在亚托克斯使用他的终极技能时，保持距离以防止他复活。"
https://lol.qq.com/data/info-defail.shtml?id=267,"
- 【Q碧波之牢】的冷却时间很长，要确保在正确的时机使用它。
- 在交战中对敌方英雄使用【W冲击之潮】，将会让团战走势朝着有利于你的方向倾斜。
- 娜美的终极技能在对远处的敌人发起先手时非常给力。","
- 碧波之牢是一个非常强力的技能，但冷却时间很长。如果娜美将这个技能放空，那么就可以趁机获取优势了。
- 怒涛之啸的作用距离非常远，但是行进速度很慢，注意它行进的方向，然后避开它就好。
- 尽量避免与被施加了唤潮之佑的单位作战，它的持续时间很短，所以避其锋芒是最有效的方法。"
https://lol.qq.com/data/info-defail.shtml?id=268,"
- 要牢记的是，除非你准备一波拼死敌人，否则不要把【W沙兵现身】的两个黄沙士兵都放出去。最好时刻把一个黄沙士兵留在手中，你可以用它来穿墙逃生，也可以在远离另一个士兵时放出来追加伤害。
- 在对线时，尽量把你的士兵放在敌方小兵和敌方英雄之间。这样一来，你就可以用它们来补刀，并对你的对手施加压力。
- 首先要把【R禁军之墙】看成一个防御型技能。你可以用它来阻止敌人追击你的队友。切记，你的队友可以走过【R禁军之墙】，因此你可以在敌方近战英雄想要开战时用它来创造优势。
- 带你超神带你飞！","
- 阿兹尔依靠他的士兵来输出伤害，并且每移动一次士兵就要等待一段时间。尽量在他的士兵无法移动时来赚取优势。
- 阿兹尔的持续输出非常可观，但缺乏其他法师那样的一次性爆发伤害。尽量在他能发起反击之前把他轰杀掉。
- 请试着把黄沙士兵看成火焰。不要站在火焰之中。"
https://lol.qq.com/data/info-defail.shtml?id=350,,
https://lol.qq.com/data/info-defail.shtml?id=360,,
https://lol.qq.com/data/info-defail.shtml?id=412,"
- 沟通，是用好锤石的【W魂引之灯】的关键。让你的队友了解你要怎样用它。
- 【Q死亡判决】和【E厄运钟摆】可以任意组合，从而形成强力连招。
- 锤石不用亲自击杀单位也可以收集灵魂。规划好你的地图走位，来尽可能多地接近死亡，从而让你最有效率地收集灵魂。","
- 锤石的【Q死亡判决】施法时间很长。留心他的施法动作，从而进行规避。
- 故意打破【R幽冥监牢】的一面墙壁，可以让一名脆弱的友军安然逃生。
- 锤石依靠收集灵魂来增加他的生存能力和伤害。在他想去收集灵魂时，给他点颜色看看。"
https://lol.qq.com/data/info-defail.shtml?id=420,"
- 触手是一种极好的力量来源。没有它们的帮助就不要进行战斗。
- 灵魂会继承目标的当前生命值。如果你的目的是制造一个
躯壳
，就要尽量削减你的对手的生命值，来让击杀灵魂变得容易些。
- 【越界信仰】 最好用于后手接队友的强力先手技能，或在战斗正在进行时使用。在自己充当团战先手时，千万要慎重。","
- 尽可能随时击杀触手将会使你更容易击败俄洛伊。
- 当你的灵魂被抽离时，尽可能予以回击。对俄洛伊造成伤害将减少灵魂的持续时间。
- 避免被【越界信仰】击中己方多人，从而减少俄洛伊生成的触手数量。"
https://lol.qq.com/data/info-defail.shtml?id=421,"
- 把隧道布满整张地图，将确保你在想要施放【R虚空猛冲】时拥有足够多的选择。
- 先施放【W遁地】，然后在地图各处移动，就能利用移动速度加成的优势，以及由【地听术】提供的安全性。
-【地听术】可以在敌人接近你时提供警告，在你进入敌方半场时尤其有用。","
- 如果你发现了雷克塞的某个隧道入口，那么你只需要踩上去一会儿，就可以摧毁这条隧道。
- 雷克塞的【E狂野之噬】会从她的怒气中获得伤害提升。在雷克塞满怒时最好小心为上。
- 当雷克塞在附近时，她可以看见你和你队友的位置，但只要你们不移动，就不会暴露位置。"
https://lol.qq.com/data/info-defail.shtml?id=427,"
- 尽量用一记精妙的【Q根深敌固】接【E种豆得瓜】来帮助友军。
- 使用【W揠苗助攻】来埋下伏击的伏笔！
- 小菊可以格挡技巧射击并拖延敌人。使用她来为你的友军阻挡伤害！","
- 艾翁非常滑头。在追杀他时千万要当心。
- 艾翁的草丛能持续很长一段时间。要当心其中的埋伏！
- 在与艾翁单独战斗时要小心，因为他可以招出小菊来帮忙！"
https://lol.qq.com/data/info-defail.shtml?id=429,"
- 撕裂是一个有用的补刀手段，因为它会在击杀一个单位后重置冷却时间。
- 进行一个触发了武术姿态的移动指令时，将不会清除掉卡莉丝塔的普攻目标。
- 由于她的被动技能，卡莉丝塔的移动速度会通过攻击速度而得到显著提升。","
- 卡莉丝塔的机动能力取决于她的攻击。这意味着她在射程内没有敌人时，机动能力会很低，并且如果她的攻速被减慢了，那么她在一场战斗中的位移距离也会被降低不少。
- 卡莉丝塔无法取消她的普攻动作。虽然她的机动能力很优秀，但是如果你预测到她要开始攻击了，那么这个特点就会为你提供一次对她施放技能的时机。
- 如果你可以脱离卡莉丝塔的视线（例如走进草丛），那么她对你进行的普通攻击就会落空，并掉到地上去。"
https://lol.qq.com/data/info-defail.shtml?id=432,"
- 收集调和之音来增强木灵们的攻击，是非常重要的，但不要怠慢了你的对线搭档！可以尝试带着另一个友军用你的【神奇旅程】在某条战线上来一次盛大登场。
- 让你的【游神圣坛】充分充能——它们会在充满能量时治疗更多生命值。
- 别忘了，敌人也可以使用你的【神奇旅程】的传送门，并且你的终极技能也会对你的友军生效！","
- 巴德的对手也可以通过他的【神奇旅程】进行传送。你可以尾随他一起进门，如果你认为安全的话。
- 你只需要踩到巴德的治疗圣坛上，就能将它们摧毁。如果巴德的队友想去吃圣坛回血，最好让他们付出点代价。
- 巴德的终极技能，【调和命运】，可以影响友军，敌军，野怪和防御塔等。有时你可以跳进它的范围来获得优势！"
https://lol.qq.com/data/info-defail.shtml?id=497,"
-洛需要附近有友军才能让他的技能运作起来。
洛的突进速度可通过他的移动速度来提升。使用爆表的速度来让你的敌人大吃一惊！
当你放任危险到来时，就知道危险有多好玩了。","
- 洛的位移技能都会预先显示目的地。
- 只要拥有快速生效的控制技能，就能很好地应对洛。
如果洛的附近没有友军，那么他的机动能力就会被严重抑制。所以尽量在洛落单时抓他。"
https://lol.qq.com/data/info-defail.shtml?id=498,"
-霞的攻击和技能会在地上留下羽毛，可供她稍后召回，造成大量范围伤害和控制效果。
-霞可以使用【R暴风羽刃】来躲避几乎所有技能，同时创造成吨的羽毛。尽量把这个技能在攻击和防御两方面的特点都利用好。","
- 霞的倒钩只会禁锢那些被3支以上羽毛所命中的目标。
- 在同一片区域与霞进行长时间的作战，会让她扔出大量羽毛。尽量边移动边打！
- 在你有万全准备时再出手杀她。千万要提防，霞的终极技能的不可被选取状态，会让战局很快变为对她更有利。"
https://lol.qq.com/data/info-defail.shtml?id=516,"
- 掌握装备的合成路线，可以帮你在线上快速选择装备进行升级。
- 【火山突堑】可以用来设置人工地形，从而威慑敌人。
- 你的技能施放顺序非常重要！尽可能将【易碎】的作用发挥至最佳。","
- 离墙体远一点。如果奥恩没有晕眩到你，那么他就没那么强大了。
- 攻击奥恩，就可以让他没法在线上制造装备。"
https://lol.qq.com/data/info-defail.shtml?id=517,"
- 等你或者敌人的血量都较低时再施放【弑君突刺】，会达到最佳效果。
- 在每次技能放出后都追加一次普攻，即可让【破敌禁法】的效果最大化。
- 对敌方终极技能的明智使用，能为己方开创新的开团机会。","
- 塞拉斯的血条可是具有欺骗性的，要当心他的【弑君突刺】！
- 尽量在塞拉斯无法获取你的终极技能时与他作战。"
https://lol.qq.com/data/info-defail.shtml?id=518,"
-你可以在[选项]菜单中将她的被动设置到热键上。默认键位是[SHIFT]+[F1~F5]
尽量选好你的【天生幻魅】的施放时机，没用好的话，就会引起敌人的警觉。","
-在对抗妮蔻时，站在小兵后面是很危险的，因为【缠结倒刺】会变得更强力。
在妮蔻处于假扮状态时，【怒放】的警告视觉效果是不可见的。"
https://lol.qq.com/data/info-defail.shtml?id=523,"
-厄斐琉斯的每件武器都有不同的优点，因此要尽量寻找利于你当前武器发挥的输出环境。","
-厄斐琉斯的每件武器都有不同的缺点，尽量挑他拿到利于你的英雄发挥的武器时进攻。要当心紫色的重力枪，它能禁锢你。"
https://lol.qq.com/data/info-defail.shtml?id=526,,
https://lol.qq.com/data/info-defail.shtml?id=555,,
https://lol.qq.com/data/info-defail.shtml?id=777,,
https://lol.qq.com/data/info-defail.shtml?id=875,,
https://lol.qq.com/data/info-defail.shtml?id=876,,
