champion,url
Aatrox,https://leagueoflegends.fandom.com/wiki/Aatrox
Ahri,https://leagueoflegends.fandom.com/wiki/Ahri
Akali,https://leagueoflegends.fandom.com/wiki/Akali
Alistar,https://leagueoflegends.fandom.com/wiki/Alistar
Amumu,https://leagueoflegends.fandom.com/wiki/Amumu
Anivia,https://leagueoflegends.fandom.com/wiki/Anivia
Annie,https://leagueoflegends.fandom.com/wiki/Annie
Aphelios,https://leagueoflegends.fandom.com/wiki/Aphelios
Ashe,https://leagueoflegends.fandom.com/wiki/Ashe
Aurelion Sol,https://leagueoflegends.fandom.com/wiki/Aurelion_Sol
Azir,https://leagueoflegends.fandom.com/wiki/Azir
Bard,https://leagueoflegends.fandom.com/wiki/Bard
Blitzcrank,https://leagueoflegends.fandom.com/wiki/Blitzcrank
Brand,https://leagueoflegends.fandom.com/wiki/Brand
Braum,https://leagueoflegends.fandom.com/wiki/Braum
Caitlyn,https://leagueoflegends.fandom.com/wiki/Caitlyn
Camille,https://leagueoflegends.fandom.com/wiki/Camille
Cassiopeia,https://leagueoflegends.fandom.com/wiki/Cassiopeia
Cho'Gath,https://leagueoflegends.fandom.com/wiki/Cho%27Gath
Corki,https://leagueoflegends.fandom.com/wiki/Corki
Darius,https://leagueoflegends.fandom.com/wiki/Darius
Diana,https://leagueoflegends.fandom.com/wiki/Diana
Dr. Mundo,https://leagueoflegends.fandom.com/wiki/Dr._Mundo
Draven,https://leagueoflegends.fandom.com/wiki/Draven
Ekko,https://leagueoflegends.fandom.com/wiki/Ekko
Elise,https://leagueoflegends.fandom.com/wiki/Elise
Evelynn,https://leagueoflegends.fandom.com/wiki/Evelynn
Ezreal,https://leagueoflegends.fandom.com/wiki/Ezreal
Fiddlesticks,https://leagueoflegends.fandom.com/wiki/Fiddlesticks
Fiora,https://leagueoflegends.fandom.com/wiki/Fiora
Fizz,https://leagueoflegends.fandom.com/wiki/Fizz
Galio,https://leagueoflegends.fandom.com/wiki/Galio
Gangplank,https://leagueoflegends.fandom.com/wiki/Gangplank
Garen,https://leagueoflegends.fandom.com/wiki/Garen
Gnar,https://leagueoflegends.fandom.com/wiki/Gnar
Gragas,https://leagueoflegends.fandom.com/wiki/Gragas
Graves,https://leagueoflegends.fandom.com/wiki/Graves
Hecarim,https://leagueoflegends.fandom.com/wiki/Hecarim
Heimerdinger,https://leagueoflegends.fandom.com/wiki/Heimerdinger
Illaoi,https://leagueoflegends.fandom.com/wiki/Illaoi
Irelia,https://leagueoflegends.fandom.com/wiki/Irelia
Ivern,https://leagueoflegends.fandom.com/wiki/Ivern
Janna,https://leagueoflegends.fandom.com/wiki/Janna
Jarvan IV,https://leagueoflegends.fandom.com/wiki/Jarvan_IV
Jax,https://leagueoflegends.fandom.com/wiki/Jax
Jayce,https://leagueoflegends.fandom.com/wiki/Jayce
Jhin,https://leagueoflegends.fandom.com/wiki/Jhin
Jinx,https://leagueoflegends.fandom.com/wiki/Jinx
Kai'Sa,https://leagueoflegends.fandom.com/wiki/Kai%27Sa
Kalista,https://leagueoflegends.fandom.com/wiki/Kalista
Karma,https://leagueoflegends.fandom.com/wiki/Karma
Karthus,https://leagueoflegends.fandom.com/wiki/Karthus
Kassadin,https://leagueoflegends.fandom.com/wiki/Kassadin
Katarina,https://leagueoflegends.fandom.com/wiki/Katarina
Kayle,https://leagueoflegends.fandom.com/wiki/Kayle
Kayn,https://leagueoflegends.fandom.com/wiki/Kayn
Kennen,https://leagueoflegends.fandom.com/wiki/Kennen
Kha'Zix,https://leagueoflegends.fandom.com/wiki/Kha%27Zix
Kindred,https://leagueoflegends.fandom.com/wiki/Kindred
Kled,https://leagueoflegends.fandom.com/wiki/Kled
Kog'Maw,https://leagueoflegends.fandom.com/wiki/Kog%27Maw
LeBlanc,https://leagueoflegends.fandom.com/wiki/LeBlanc
Lee Sin,https://leagueoflegends.fandom.com/wiki/Lee_Sin
Leona,https://leagueoflegends.fandom.com/wiki/Leona
Lillia,https://leagueoflegends.fandom.com/wiki/Lillia
Lissandra,https://leagueoflegends.fandom.com/wiki/Lissandra
Lucian,https://leagueoflegends.fandom.com/wiki/Lucian
Lulu,https://leagueoflegends.fandom.com/wiki/Lulu
Lux,https://leagueoflegends.fandom.com/wiki/Lux
Malphite,https://leagueoflegends.fandom.com/wiki/Malphite
Malzahar,https://leagueoflegends.fandom.com/wiki/Malzahar
Maokai,https://leagueoflegends.fandom.com/wiki/Maokai
Master Yi,https://leagueoflegends.fandom.com/wiki/Master_Yi
Miss Fortune,https://leagueoflegends.fandom.com/wiki/Miss_Fortune
Mordekaiser,https://leagueoflegends.fandom.com/wiki/Mordekaiser
Morgana,https://leagueoflegends.fandom.com/wiki/Morgana
Nami,https://leagueoflegends.fandom.com/wiki/Nami
Nasus,https://leagueoflegends.fandom.com/wiki/Nasus
Nautilus,https://leagueoflegends.fandom.com/wiki/Nautilus
Neeko,https://leagueoflegends.fandom.com/wiki/Neeko
Nidalee,https://leagueoflegends.fandom.com/wiki/Nidalee
Nocturne,https://leagueoflegends.fandom.com/wiki/Nocturne
Nunu & Willump,https://leagueoflegends.fandom.com/wiki/Nunu_%26_Willump
Olaf,https://leagueoflegends.fandom.com/wiki/Olaf
Orianna,https://leagueoflegends.fandom.com/wiki/Orianna
Ornn,https://leagueoflegends.fandom.com/wiki/Ornn
Pantheon,https://leagueoflegends.fandom.com/wiki/Pantheon
Poppy,https://leagueoflegends.fandom.com/wiki/Poppy
Pyke,https://leagueoflegends.fandom.com/wiki/Pyke
Qiyana,https://leagueoflegends.fandom.com/wiki/Qiyana
Quinn,https://leagueoflegends.fandom.com/wiki/Quinn
Rakan,https://leagueoflegends.fandom.com/wiki/Rakan
Rammus,https://leagueoflegends.fandom.com/wiki/Rammus
Rek'Sai,https://leagueoflegends.fandom.com/wiki/Rek%27Sai
Rell,https://leagueoflegends.fandom.com/wiki/Rell
Renekton,https://leagueoflegends.fandom.com/wiki/Renekton
Rengar,https://leagueoflegends.fandom.com/wiki/Rengar
Riven,https://leagueoflegends.fandom.com/wiki/Riven
Rumble,https://leagueoflegends.fandom.com/wiki/Rumble
Ryze,https://leagueoflegends.fandom.com/wiki/Ryze
Samira,https://leagueoflegends.fandom.com/wiki/Samira
Sejuani,https://leagueoflegends.fandom.com/wiki/Sejuani
Senna,https://leagueoflegends.fandom.com/wiki/Senna
Seraphine,https://leagueoflegends.fandom.com/wiki/Seraphine
Sett,https://leagueoflegends.fandom.com/wiki/Sett
Shaco,https://leagueoflegends.fandom.com/wiki/Shaco
Shen,https://leagueoflegends.fandom.com/wiki/Shen
Shyvana,https://leagueoflegends.fandom.com/wiki/Shyvana
Singed,https://leagueoflegends.fandom.com/wiki/Singed
Sion,https://leagueoflegends.fandom.com/wiki/Sion
Sivir,https://leagueoflegends.fandom.com/wiki/Sivir
Skarner,https://leagueoflegends.fandom.com/wiki/Skarner
Sona,https://leagueoflegends.fandom.com/wiki/Sona
Soraka,https://leagueoflegends.fandom.com/wiki/Soraka
Swain,https://leagueoflegends.fandom.com/wiki/Swain
Sylas,https://leagueoflegends.fandom.com/wiki/Sylas
Syndra,https://leagueoflegends.fandom.com/wiki/Syndra
Tahm Kench,https://leagueoflegends.fandom.com/wiki/Tahm_Kench
Taliyah,https://leagueoflegends.fandom.com/wiki/Taliyah
Talon,https://leagueoflegends.fandom.com/wiki/Talon
Taric,https://leagueoflegends.fandom.com/wiki/Taric
Teemo,https://leagueoflegends.fandom.com/wiki/Teemo
Thresh,https://leagueoflegends.fandom.com/wiki/Thresh
Tristana,https://leagueoflegends.fandom.com/wiki/Tristana
Trundle,https://leagueoflegends.fandom.com/wiki/Trundle
Tryndamere,https://leagueoflegends.fandom.com/wiki/Tryndamere
Twisted Fate,https://leagueoflegends.fandom.com/wiki/Twisted_Fate
Twitch,https://leagueoflegends.fandom.com/wiki/Twitch
Udyr,https://leagueoflegends.fandom.com/wiki/Udyr
Urgot,https://leagueoflegends.fandom.com/wiki/Urgot
Varus,https://leagueoflegends.fandom.com/wiki/Varus
Vayne,https://leagueoflegends.fandom.com/wiki/Vayne
Veigar,https://leagueoflegends.fandom.com/wiki/Veigar
Vel'Koz,https://leagueoflegends.fandom.com/wiki/Vel%27Koz
Vi,https://leagueoflegends.fandom.com/wiki/Vi
Viego,https://leagueoflegends.fandom.com/wiki/Viego
Viktor,https://leagueoflegends.fandom.com/wiki/Viktor
Vladimir,https://leagueoflegends.fandom.com/wiki/Vladimir
Volibear,https://leagueoflegends.fandom.com/wiki/Volibear
Warwick,https://leagueoflegends.fandom.com/wiki/Warwick
Wukong,https://leagueoflegends.fandom.com/wiki/Wukong
Xayah,https://leagueoflegends.fandom.com/wiki/Xayah
Xerath,https://leagueoflegends.fandom.com/wiki/Xerath
Xin Zhao,https://leagueoflegends.fandom.com/wiki/Xin_Zhao
Yasuo,https://leagueoflegends.fandom.com/wiki/Yasuo
Yone,https://leagueoflegends.fandom.com/wiki/Yone
Yorick,https://leagueoflegends.fandom.com/wiki/Yorick
Yuumi,https://leagueoflegends.fandom.com/wiki/Yuumi
Zac,https://leagueoflegends.fandom.com/wiki/Zac
Zed,https://leagueoflegends.fandom.com/wiki/Zed
Ziggs,https://leagueoflegends.fandom.com/wiki/Ziggs
Zilean,https://leagueoflegends.fandom.com/wiki/Zilean
Zoe,https://leagueoflegends.fandom.com/wiki/Zoe
Zyra,https://leagueoflegends.fandom.com/wiki/Zyra
